frequency	COUNT(OntologyTerm.id)
0	55938
1	4761
2	2617
3	1858
4	1421
5	1093
6	974
7	808
8	762
9	647
10	673
11	544
12	513
13	469
14	444
15	396
16	360
17	344
18	318
19	341
20	332
21	286
22	258
23	230
24	219
25	241
26	216
27	239
28	211
29	203
30	206
31	188
32	187
33	178
34	170
35	183
36	138
37	145
38	160
39	159
40	127
41	143
42	136
43	144
44	136
45	122
46	135
47	109
48	122
49	129
50	119
51	116
52	108
53	99
54	104
55	101
56	111
57	111
58	114
59	73
60	92
61	97
62	86
63	75
64	81
65	78
66	87
67	56
68	99
69	99
70	84
71	84
72	85
73	88
74	68
75	79
76	72
77	56
78	72
79	76
80	68
81	63
82	64
83	69
84	70
85	43
86	64
87	63
88	68
89	52
90	58
91	60
92	55
93	45
94	53
95	60
96	67
97	58
98	60
99	51
100	39
101	49
102	43
103	57
104	54
105	61
106	55
107	46
108	48
109	67
110	43
111	36
112	47
113	45
114	43
115	50
116	42
117	39
118	42
119	43
120	43
121	36
122	42
123	44
124	35
125	47
126	39
127	40
128	44
129	39
130	34
131	41
132	32
133	42
134	33
135	40
136	45
137	24
138	41
139	44
140	44
141	38
142	40
143	44
144	47
145	40
146	37
147	35
148	52
149	35
150	31
151	42
152	35
153	28
154	26
155	31
156	40
157	28
158	26
159	35
160	30
161	43
162	29
163	27
164	33
165	43
166	24
167	28
168	25
169	34
170	31
171	25
172	26
173	40
174	38
175	43
176	26
177	30
178	33
179	29
180	36
181	29
182	27
183	24
184	29
185	18
186	34
187	25
188	20
189	25
190	26
191	32
192	27
193	20
194	28
195	25
196	27
197	34
198	23
199	22
200	26
201	23
202	20
203	17
204	28
205	37
206	28
207	28
208	26
209	34
210	22
211	29
212	25
213	24
214	23
215	22
216	25
217	29
218	27
219	26
220	25
221	28
222	32
223	16
224	21
225	17
226	25
227	19
228	30
229	21
230	32
231	25
232	15
233	17
234	25
235	14
236	24
237	17
238	18
239	24
240	18
241	23
242	24
243	16
244	17
245	21
246	22
247	25
248	22
249	22
250	18
251	24
252	20
253	31
254	20
255	16
256	12
257	19
258	23
259	17
260	20
261	12
262	12
263	15
264	20
265	19
266	16
267	17
268	23
269	24
270	22
271	13
272	24
273	16
274	22
275	17
276	19
277	12
278	25
279	13
280	10
281	17
282	13
283	20
284	19
285	13
286	16
287	7
288	10
289	18
290	19
291	17
292	19
293	15
294	21
295	15
296	13
297	15
298	15
299	15
300	16
301	17
302	18
303	20
304	22
305	13
306	14
307	17
308	13
309	10
310	14
311	17
312	19
313	10
314	17
315	14
316	24
317	8
318	15
319	14
320	13
321	20
322	16
323	18
324	16
325	19
326	13
327	14
328	16
329	13
330	19
331	21
332	18
333	22
334	10
335	18
336	3
337	8
338	12
339	13
340	14
341	11
342	9
343	13
344	9
345	23
346	14
347	3
348	11
349	17
350	11
351	16
352	6
353	12
354	5
355	18
356	18
357	16
358	15
359	14
360	14
361	12
362	13
363	10
364	12
365	13
366	20
367	10
368	14
369	8
370	9
371	14
372	12
373	12
374	13
375	14
376	11
377	14
378	20
379	16
380	14
381	18
382	13
383	11
384	9
385	8
386	14
387	15
388	8
389	9
390	6
391	8
392	14
393	15
394	7
395	12
396	9
397	6
398	11
399	10
400	12
401	12
402	20
403	8
404	10
405	17
406	8
407	17
408	11
409	14
410	6
411	11
412	8
413	13
414	9
415	18
416	6
417	12
418	14
419	7
420	9
421	9
422	7
423	12
424	9
425	6
426	14
427	10
428	12
429	7
430	15
431	17
432	12
433	12
434	6
435	12
436	16
437	11
438	12
439	10
440	11
441	12
442	13
443	13
444	9
445	11
446	10
447	11
448	13
449	16
450	5
451	10
452	13
453	13
454	8
455	11
456	14
457	9
458	8
459	7
460	7
461	14
462	8
463	13
464	11
465	14
466	12
467	13
468	15
469	2
470	12
471	8
472	9
473	7
474	10
475	10
476	7
477	7
478	19
479	9
480	8
481	11
482	10
483	10
484	10
485	3
486	11
487	7
488	8
489	9
490	3
491	4
492	8
493	10
494	4
495	12
496	7
497	8
498	8
499	5
500	6
501	7
502	7
503	6
504	4
505	9
506	12
507	9
508	8
509	9
510	6
511	11
512	7
513	8
514	8
515	9
516	13
517	5
518	11
519	9
520	9
521	10
522	4
523	7
524	8
525	9
526	9
527	9
528	6
529	7
530	12
531	5
532	6
533	6
534	7
535	12
536	7
537	10
538	4
539	8
540	10
541	6
542	6
543	11
544	15
545	4
546	10
547	10
548	6
549	5
550	10
551	4
552	7
553	5
554	9
555	5
556	6
557	2
558	3
559	3
560	10
561	10
562	5
563	10
564	12
565	6
566	10
567	4
568	5
569	6
570	5
571	12
572	10
573	7
574	10
575	5
576	7
577	9
578	8
579	8
580	4
581	7
582	6
583	11
584	5
585	8
586	15
587	12
588	8
589	3
590	9
591	3
592	11
593	12
594	7
595	10
596	7
597	8
598	8
599	8
600	8
601	10
602	7
603	6
604	10
605	3
606	7
607	4
608	7
609	11
610	9
611	5
612	7
613	9
614	8
615	3
616	10
617	10
618	3
619	12
620	9
621	8
622	8
623	5
624	9
625	6
626	12
627	5
628	8
629	3
630	9
631	6
632	3
633	6
634	9
635	12
636	9
637	3
638	9
639	4
640	7
641	4
642	12
643	7
644	2
645	6
646	3
647	6
648	6
649	3
650	3
651	12
652	5
653	7
654	4
655	5
656	5
657	8
658	8
659	4
660	11
661	2
662	6
663	4
664	4
665	6
666	5
667	13
668	8
669	4
670	3
671	7
672	3
673	8
674	1
675	7
676	3
677	10
678	8
679	3
680	6
681	10
682	12
683	2
684	7
685	2
686	5
687	4
688	8
689	8
690	7
691	4
692	7
693	8
694	5
695	6
696	6
697	10
698	5
699	7
700	8
701	3
702	6
703	7
704	7
705	10
706	11
707	12
708	6
709	8
710	5
711	5
712	3
713	8
714	7
715	6
716	9
717	2
718	5
719	4
720	9
721	2
722	5
723	7
724	6
725	3
726	6
727	8
728	9
729	7
730	1
731	4
732	6
733	4
734	10
735	7
736	5
737	2
738	5
739	3
740	6
741	6
742	6
743	7
744	3
745	5
746	4
747	9
748	1
749	4
750	3
751	7
752	3
753	6
754	6
755	4
756	6
757	8
758	8
759	7
760	5
761	4
762	4
763	2
764	7
765	3
766	3
767	6
768	6
769	3
770	12
771	5
772	4
773	9
774	6
775	3
776	7
777	2
778	8
779	5
780	3
781	7
782	6
783	3
784	5
785	1
786	4
787	7
788	3
789	6
790	4
791	4
792	4
793	5
794	10
795	8
796	8
797	6
798	4
799	11
800	2
801	7
802	6
803	8
804	1
805	6
806	7
807	1
809	8
810	4
811	6
812	5
813	4
814	4
815	3
816	2
817	8
818	2
819	5
820	7
821	5
822	2
823	8
824	8
825	5
826	5
827	3
828	8
829	4
830	6
831	3
832	9
833	1
834	3
835	8
836	4
837	6
838	3
839	4
840	5
841	2
842	6
843	6
844	8
845	4
846	3
847	6
848	2
849	6
850	4
851	5
852	6
853	3
854	2
855	3
856	8
857	6
858	4
859	8
860	4
861	5
862	1
863	6
864	5
865	6
866	2
867	3
868	5
869	3
870	11
871	5
872	8
873	8
874	9
875	2
876	4
877	4
878	2
879	2
880	4
881	2
882	8
883	3
884	6
885	4
886	2
887	4
888	4
889	3
890	4
891	8
892	2
893	9
894	2
895	6
896	2
897	2
898	7
899	2
900	10
901	2
902	4
903	5
904	4
905	11
906	3
907	3
908	3
909	2
910	2
911	5
912	3
913	5
914	4
915	5
916	4
917	3
918	3
919	6
920	7
921	7
922	5
923	6
924	3
925	3
926	5
927	5
928	6
929	2
930	2
931	2
932	4
933	7
934	5
935	5
936	6
937	4
938	5
939	6
940	3
941	3
942	6
943	2
944	4
945	5
946	2
947	4
948	5
949	4
950	3
951	4
952	4
953	1
954	5
955	5
956	4
957	3
958	1
959	1
960	6
961	1
962	1
963	5
964	5
965	4
966	4
967	3
968	5
969	4
971	4
972	8
973	2
974	8
975	7
976	6
977	8
978	4
979	2
980	2
981	5
982	5
983	7
984	5
985	5
986	4
987	5
988	6
989	4
990	1
991	5
992	9
993	3
994	1
995	3
996	3
997	3
999	5
1000	2
1001	7
1002	1
1003	4
1004	3
1005	6
1006	4
1007	2
1008	6
1009	5
1010	3
1011	4
1012	3
1013	8
1014	6
1015	7
1016	3
1017	4
1018	4
1019	5
1020	4
1021	3
1022	4
1023	2
1024	3
1025	7
1027	3
1028	3
1029	5
1030	3
1031	3
1032	2
1033	1
1034	4
1035	3
1036	6
1037	4
1038	6
1039	6
1040	3
1041	3
1042	3
1043	5
1044	6
1045	3
1046	2
1047	3
1048	4
1049	8
1050	6
1051	5
1053	5
1054	5
1055	2
1056	5
1057	2
1058	2
1059	2
1060	5
1061	1
1062	2
1063	4
1064	4
1065	3
1066	7
1067	6
1068	5
1069	2
1070	2
1071	7
1072	5
1073	2
1074	3
1075	3
1076	3
1077	3
1078	8
1079	6
1080	5
1081	2
1083	2
1084	4
1085	3
1086	1
1087	1
1088	3
1089	5
1090	4
1091	1
1092	6
1093	2
1094	3
1095	4
1096	2
1097	5
1098	2
1099	1
1100	8
1101	5
1102	2
1103	2
1104	3
1105	8
1106	3
1107	5
1108	5
1109	4
1110	3
1111	2
1112	3
1113	2
1114	5
1115	8
1116	4
1117	3
1118	2
1120	4
1121	4
1122	1
1123	5
1124	5
1125	4
1126	4
1127	1
1128	6
1129	5
1130	5
1131	4
1132	4
1133	6
1134	5
1135	7
1136	7
1137	3
1138	9
1139	6
1140	3
1141	4
1142	5
1143	1
1144	4
1145	2
1146	3
1147	7
1148	3
1149	1
1150	4
1151	1
1152	3
1153	1
1154	4
1155	5
1156	6
1157	1
1158	6
1159	5
1160	3
1161	1
1162	7
1163	2
1164	7
1165	5
1166	2
1167	3
1168	5
1169	5
1170	1
1171	1
1172	2
1173	7
1174	3
1175	4
1176	2
1177	2
1178	5
1179	2
1180	2
1181	2
1182	3
1183	4
1184	3
1185	2
1186	4
1187	4
1188	4
1189	3
1190	6
1191	6
1192	1
1193	3
1194	2
1195	5
1196	2
1197	4
1198	4
1199	2
1201	1
1202	5
1203	2
1204	5
1205	1
1207	1
1208	1
1209	3
1210	1
1211	3
1212	1
1213	4
1214	3
1215	3
1216	4
1217	2
1218	4
1219	4
1220	1
1221	3
1222	8
1223	3
1224	7
1225	2
1226	4
1227	2
1228	2
1230	2
1231	1
1232	8
1234	3
1235	3
1236	4
1237	2
1238	3
1239	2
1240	4
1241	2
1242	3
1243	3
1244	3
1245	5
1246	4
1247	2
1248	2
1249	2
1250	3
1251	4
1252	4
1253	3
1254	2
1255	5
1256	2
1257	3
1258	3
1259	4
1260	4
1261	2
1262	2
1263	3
1264	2
1265	4
1266	4
1267	2
1268	1
1269	4
1270	1
1271	2
1272	2
1273	3
1274	2
1275	8
1276	5
1277	1
1278	8
1279	6
1280	3
1281	2
1282	5
1283	5
1284	5
1285	3
1286	2
1287	4
1288	5
1289	2
1290	5
1291	2
1292	3
1293	7
1294	2
1295	3
1296	1
1297	2
1298	2
1299	3
1300	3
1301	3
1302	3
1303	6
1304	4
1305	1
1306	2
1307	4
1308	5
1309	1
1310	2
1311	1
1312	2
1313	3
1314	1
1315	2
1316	3
1318	5
1319	2
1321	2
1322	4
1323	3
1324	3
1326	1
1327	4
1328	2
1329	1
1330	3
1331	6
1332	2
1333	3
1334	2
1335	2
1336	5
1337	3
1338	2
1339	1
1340	4
1341	4
1342	2
1343	5
1344	2
1345	1
1346	2
1347	4
1348	3
1349	4
1351	1
1352	3
1353	2
1354	4
1355	4
1356	3
1357	5
1358	1
1359	1
1360	3
1361	2
1362	2
1363	5
1364	5
1365	2
1366	4
1367	3
1368	4
1369	3
1370	3
1371	3
1372	3
1373	2
1374	2
1375	3
1376	4
1377	3
1378	2
1379	1
1380	4
1381	4
1382	1
1383	4
1384	2
1385	7
1386	3
1387	5
1388	2
1389	4
1390	1
1391	2
1392	2
1393	4
1394	3
1395	1
1397	3
1398	2
1399	1
1400	4
1401	5
1402	1
1403	3
1404	4
1405	4
1406	2
1407	5
1408	2
1409	3
1410	4
1411	1
1412	7
1413	4
1414	4
1415	2
1416	1
1417	3
1418	4
1419	2
1420	1
1421	2
1423	2
1424	2
1425	3
1426	2
1427	1
1428	4
1429	1
1430	5
1431	5
1432	4
1433	1
1434	3
1435	1
1436	2
1437	1
1438	2
1439	2
1440	2
1441	3
1442	4
1443	3
1444	5
1445	3
1446	1
1448	3
1449	2
1450	2
1451	1
1452	1
1453	1
1454	1
1455	3
1456	2
1457	3
1458	6
1459	1
1460	4
1461	1
1462	2
1463	1
1464	3
1465	2
1466	6
1467	1
1468	3
1469	1
1470	3
1471	6
1472	2
1473	2
1474	4
1475	4
1476	2
1477	6
1478	4
1479	1
1481	1
1482	2
1483	1
1484	2
1485	5
1486	2
1487	3
1488	2
1489	1
1492	4
1493	1
1494	1
1496	4
1497	1
1498	1
1499	6
1500	3
1501	1
1502	2
1503	2
1505	4
1506	4
1507	1
1508	1
1509	2
1510	4
1512	5
1513	4
1514	2
1516	4
1517	4
1518	3
1519	4
1520	1
1521	3
1522	2
1523	3
1524	2
1525	7
1526	8
1527	3
1528	2
1529	3
1530	3
1531	5
1532	2
1533	2
1535	1
1536	3
1537	3
1538	6
1539	4
1540	1
1541	5
1542	2
1544	2
1545	4
1546	3
1547	3
1548	2
1549	2
1550	2
1551	6
1552	2
1553	4
1554	2
1555	3
1556	1
1557	4
1558	1
1559	5
1560	5
1561	1
1562	6
1563	3
1564	1
1565	4
1566	1
1567	4
1568	2
1569	2
1570	4
1571	1
1572	2
1573	5
1574	3
1575	3
1576	2
1577	1
1578	1
1579	1
1580	1
1581	3
1582	2
1583	3
1584	3
1585	6
1586	1
1587	3
1588	1
1589	4
1590	3
1591	1
1592	4
1593	2
1594	2
1596	1
1597	2
1598	4
1599	4
1600	3
1601	3
1602	3
1603	6
1604	1
1605	1
1606	1
1607	2
1608	2
1609	1
1613	1
1614	2
1616	5
1617	2
1618	3
1619	2
1620	3
1621	1
1622	3
1623	4
1624	3
1625	3
1626	2
1628	2
1630	2
1631	3
1632	1
1633	3
1635	4
1636	1
1637	3
1638	2
1639	3
1640	4
1641	2
1642	1
1643	4
1644	1
1645	4
1646	1
1647	3
1648	2
1650	2
1652	2
1653	1
1654	2
1655	4
1656	2
1657	2
1658	2
1659	4
1660	1
1661	1
1662	2
1663	1
1664	1
1666	2
1667	1
1668	4
1669	2
1670	3
1671	2
1674	1
1675	2
1676	4
1678	1
1679	1
1680	1
1681	4
1683	4
1686	2
1687	2
1688	1
1689	1
1691	2
1692	2
1693	3
1694	1
1695	3
1696	7
1697	3
1698	3
1699	3
1700	3
1702	2
1703	2
1704	5
1705	1
1706	3
1707	1
1708	3
1710	2
1711	3
1712	2
1714	1
1715	1
1716	1
1717	2
1718	3
1719	5
1720	2
1723	3
1724	1
1727	3
1728	2
1729	2
1730	5
1731	1
1732	2
1733	2
1734	2
1735	1
1736	2
1737	1
1738	2
1739	3
1742	1
1743	2
1744	4
1745	2
1746	2
1747	1
1748	2
1750	7
1751	2
1752	4
1753	1
1754	5
1757	2
1758	2
1759	1
1760	2
1761	4
1762	1
1763	5
1764	5
1765	1
1766	3
1767	2
1769	1
1770	2
1771	1
1772	3
1773	5
1774	1
1775	4
1777	4
1778	3
1779	2
1780	1
1781	1
1782	3
1784	2
1785	1
1786	2
1787	6
1788	1
1789	4
1790	2
1792	3
1793	1
1794	2
1795	5
1797	1
1798	2
1799	2
1800	2
1801	2
1802	2
1803	2
1804	1
1805	1
1806	1
1808	3
1809	1
1810	2
1812	3
1813	4
1814	2
1816	3
1817	2
1818	3
1819	3
1820	2
1821	3
1822	1
1823	2
1825	3
1826	1
1827	2
1828	3
1829	1
1830	4
1831	1
1832	2
1833	1
1834	4
1835	4
1836	2
1837	1
1838	2
1839	3
1840	1
1841	1
1842	3
1843	4
1844	5
1845	3
1846	3
1847	2
1848	3
1849	4
1851	1
1852	3
1853	2
1855	2
1856	1
1857	3
1858	3
1859	2
1860	2
1861	1
1862	2
1863	2
1864	5
1865	1
1866	3
1867	6
1868	2
1869	2
1870	3
1871	1
1872	3
1873	1
1874	1
1877	2
1878	1
1879	2
1880	1
1881	1
1882	3
1884	3
1886	1
1887	1
1888	2
1889	1
1890	3
1891	4
1892	1
1893	5
1894	3
1895	1
1896	4
1897	4
1898	4
1899	1
1902	1
1903	3
1904	2
1905	3
1906	3
1907	1
1908	1
1909	2
1910	3
1911	2
1912	3
1913	1
1915	4
1916	1
1917	1
1919	3
1920	2
1921	3
1922	1
1923	1
1924	1
1925	1
1927	4
1928	1
1929	1
1930	1
1931	2
1932	1
1933	3
1934	6
1935	3
1936	1
1937	2
1938	3
1939	3
1940	3
1941	3
1943	2
1944	3
1946	2
1947	2
1948	3
1950	5
1951	1
1953	1
1954	2
1955	3
1956	1
1958	1
1960	3
1961	1
1964	4
1965	1
1966	2
1967	2
1968	4
1969	1
1970	7
1971	2
1972	4
1974	1
1976	1
1977	4
1978	2
1980	1
1981	1
1982	3
1983	1
1984	2
1985	4
1987	2
1988	3
1989	1
1990	1
1991	2
1992	1
1993	1
1994	3
1995	2
1996	2
1997	2
1998	4
1999	2
2000	6
2001	2
2002	5
2003	1
2004	2
2005	3
2006	3
2007	1
2008	3
2009	2
2010	1
2011	1
2012	1
2013	1
2014	2
2015	2
2016	3
2017	2
2018	1
2019	2
2021	2
2022	2
2023	1
2024	3
2026	2
2027	2
2028	1
2029	2
2030	1
2031	1
2033	2
2034	2
2035	2
2037	2
2038	2
2039	2
2041	1
2042	3
2043	4
2044	4
2045	5
2046	1
2047	5
2048	1
2049	1
2050	1
2051	1
2052	2
2053	3
2054	2
2055	3
2056	4
2058	1
2059	1
2060	2
2061	1
2062	2
2063	2
2065	1
2066	2
2067	2
2068	1
2069	3
2070	5
2071	3
2073	6
2075	1
2076	1
2077	1
2078	1
2079	5
2080	2
2081	2
2082	1
2083	3
2084	3
2085	2
2086	2
2087	1
2088	2
2090	2
2091	4
2092	3
2095	2
2096	1
2097	3
2098	1
2100	3
2101	2
2103	3
2105	3
2107	1
2108	2
2109	3
2110	1
2111	1
2114	2
2116	1
2117	1
2118	2
2119	1
2120	4
2121	1
2122	4
2123	2
2124	2
2125	3
2127	2
2128	1
2129	1
2130	3
2131	4
2132	1
2133	1
2134	2
2135	2
2136	2
2137	2
2140	3
2141	3
2143	2
2145	2
2146	3
2147	1
2149	1
2150	2
2151	2
2152	1
2153	1
2154	2
2155	2
2156	4
2157	2
2158	1
2159	1
2160	1
2161	1
2162	4
2163	1
2164	2
2165	1
2166	3
2167	4
2168	2
2169	2
2170	2
2171	1
2172	2
2173	6
2174	1
2175	1
2176	2
2177	1
2178	4
2180	2
2181	3
2182	2
2183	1
2184	1
2186	2
2187	1
2188	1
2189	3
2190	2
2191	1
2193	1
2195	1
2198	4
2199	2
2200	2
2201	1
2203	3
2204	2
2205	2
2206	2
2207	2
2208	1
2209	1
2210	2
2211	3
2213	4
2214	1
2215	3
2216	1
2217	1
2218	2
2220	1
2221	2
2222	3
2223	2
2225	3
2226	1
2227	1
2228	1
2229	2
2230	4
2232	2
2233	1
2234	2
2235	1
2236	1
2237	1
2239	2
2240	1
2241	3
2242	1
2243	2
2245	3
2246	2
2247	3
2248	1
2249	2
2251	4
2253	6
2254	3
2256	2
2259	1
2260	3
2261	1
2262	2
2263	1
2264	3
2265	2
2266	1
2267	1
2268	1
2270	2
2271	3
2272	1
2273	2
2274	2
2275	1
2276	1
2277	1
2278	2
2280	2
2281	1
2282	1
2283	2
2284	1
2285	2
2286	2
2287	1
2289	1
2290	2
2291	3
2292	1
2293	2
2294	1
2295	3
2296	2
2297	1
2298	1
2300	1
2301	5
2302	3
2303	1
2304	1
2305	3
2306	2
2309	2
2311	1
2312	2
2313	1
2314	1
2316	2
2317	1
2318	3
2320	2
2321	2
2322	4
2323	1
2324	2
2325	3
2326	1
2327	1
2328	2
2329	4
2330	1
2331	3
2332	2
2336	1
2337	1
2338	1
2339	2
2340	1
2342	1
2343	3
2345	1
2348	1
2349	3
2350	4
2351	3
2352	3
2354	1
2355	1
2356	2
2359	1
2362	2
2363	2
2364	2
2367	1
2368	2
2370	1
2371	1
2372	2
2373	3
2374	1
2375	2
2376	1
2377	2
2378	2
2380	2
2381	1
2383	1
2385	3
2386	1
2390	1
2392	2
2393	1
2394	1
2395	1
2396	2
2397	2
2400	1
2401	3
2402	3
2403	4
2407	1
2408	1
2409	3
2412	1
2414	3
2415	2
2416	2
2417	1
2418	2
2419	2
2420	2
2421	1
2422	1
2423	2
2426	3
2427	2
2428	1
2429	1
2432	1
2433	1
2434	2
2435	2
2436	1
2437	3
2438	2
2439	1
2440	1
2441	1
2442	1
2444	1
2446	1
2447	4
2448	2
2450	1
2451	1
2452	2
2454	1
2455	1
2456	4
2457	2
2458	2
2459	1
2460	2
2461	2
2463	3
2466	1
2467	2
2468	1
2470	2
2472	3
2474	3
2475	1
2476	2
2477	2
2478	2
2479	1
2480	3
2481	2
2482	1
2483	1
2484	3
2485	3
2487	2
2488	2
2489	1
2490	3
2491	1
2494	1
2495	5
2496	2
2499	1
2501	1
2502	2
2504	1
2505	1
2506	1
2508	1
2510	2
2511	3
2513	4
2514	1
2515	2
2517	1
2518	2
2520	3
2521	2
2522	3
2524	2
2526	1
2527	1
2528	1
2529	5
2530	1
2531	2
2532	1
2533	1
2537	3
2538	3
2539	1
2540	2
2541	2
2542	2
2543	1
2545	4
2546	3
2547	2
2548	2
2549	1
2550	1
2552	1
2553	5
2554	3
2555	3
2556	1
2557	2
2558	1
2559	1
2560	1
2561	3
2562	3
2563	1
2567	3
2569	1
2570	2
2572	1
2573	1
2574	3
2575	1
2576	2
2578	1
2579	2
2580	1
2581	3
2582	2
2583	2
2584	1
2585	2
2586	2
2587	1
2588	1
2589	1
2591	1
2592	2
2593	2
2594	4
2596	1
2597	3
2598	1
2599	2
2601	1
2602	1
2604	2
2605	3
2606	5
2608	3
2609	1
2610	1
2611	1
2612	1
2614	1
2615	1
2616	1
2619	3
2621	2
2625	2
2629	1
2631	1
2632	1
2634	3
2635	4
2636	2
2637	1
2638	1
2639	5
2641	2
2642	1
2643	1
2645	1
2649	2
2650	1
2651	2
2653	1
2654	2
2655	1
2656	3
2657	4
2658	1
2660	2
2661	1
2662	2
2663	2
2664	2
2665	1
2667	2
2669	2
2670	2
2672	1
2674	3
2677	1
2680	1
2681	3
2682	2
2683	1
2684	1
2686	3
2687	2
2688	1
2689	1
2690	1
2691	1
2692	1
2693	1
2697	1
2698	4
2701	1
2702	2
2705	3
2706	1
2708	2
2711	2
2712	2
2715	3
2717	1
2718	1
2719	4
2720	3
2721	2
2724	2
2725	2
2726	1
2727	1
2729	4
2730	1
2731	2
2734	2
2737	1
2738	1
2739	1
2740	2
2741	1
2742	1
2743	2
2744	1
2749	1
2751	1
2752	1
2753	1
2754	2
2755	2
2756	1
2757	1
2759	1
2760	1
2761	3
2762	1
2764	3
2766	3
2768	3
2771	1
2772	1
2773	1
2775	1
2776	1
2777	1
2778	2
2779	3
2780	1
2781	2
2782	1
2783	1
2784	1
2785	1
2786	2
2788	2
2789	2
2790	3
2791	2
2792	1
2793	2
2796	2
2797	1
2798	1
2801	2
2802	3
2804	1
2805	1
2807	1
2811	3
2812	5
2813	2
2815	2
2816	3
2817	2
2818	1
2819	1
2820	2
2822	2
2823	1
2824	1
2828	2
2831	1
2837	1
2842	2
2845	2
2846	5
2848	2
2849	3
2851	1
2852	2
2853	3
2854	3
2856	1
2857	3
2858	1
2859	2
2860	1
2862	1
2863	1
2864	2
2865	4
2866	1
2867	1
2871	1
2873	2
2875	2
2876	3
2877	1
2878	3
2879	1
2880	1
2881	1
2884	1
2885	1
2887	1
2888	2
2889	1
2891	1
2893	2
2895	1
2896	2
2897	4
2898	2
2899	2
2901	1
2902	2
2904	1
2905	1
2906	2
2907	2
2908	1
2909	1
2910	1
2911	1
2912	3
2917	1
2918	1
2921	1
2923	2
2925	1
2926	1
2927	2
2929	3
2930	1
2931	1
2932	2
2933	1
2934	1
2936	3
2938	2
2939	1
2940	1
2941	1
2942	1
2945	2
2946	1
2947	2
2951	1
2953	1
2954	1
2955	2
2956	1
2957	1
2958	3
2959	2
2961	1
2962	2
2963	1
2964	2
2965	1
2969	1
2971	4
2972	1
2973	1
2974	1
2977	2
2979	4
2980	3
2981	1
2982	3
2983	3
2984	1
2985	1
2987	2
2988	1
2990	2
2991	1
2992	1
2995	1
2996	2
2997	3
2998	1
2999	2
3000	2
3001	1
3002	1
3003	1
3005	2
3006	1
3007	1
3009	2
3010	1
3011	2
3012	2
3013	1
3015	3
3016	1
3019	4
3022	3
3023	1
3024	1
3025	1
3026	1
3027	1
3029	2
3030	2
3032	1
3033	1
3034	2
3036	1
3039	1
3040	1
3043	1
3045	1
3046	1
3047	2
3051	1
3052	1
3053	1
3054	3
3055	2
3056	1
3057	3
3058	2
3059	1
3062	3
3064	1
3065	1
3069	2
3070	1
3071	2
3072	1
3073	1
3074	1
3075	1
3076	2
3078	1
3080	1
3082	2
3083	4
3086	1
3087	1
3088	1
3092	1
3093	2
3095	3
3097	2
3099	1
3100	1
3102	2
3103	2
3106	2
3111	1
3113	2
3114	2
3115	1
3117	1
3118	1
3119	2
3120	2
3122	2
3123	2
3124	1
3125	2
3129	2
3130	2
3132	2
3133	2
3134	1
3136	1
3137	1
3138	2
3140	1
3142	2
3143	2
3145	1
3146	1
3148	1
3149	2
3150	2
3151	2
3152	2
3153	2
3155	1
3156	3
3157	1
3158	2
3159	2
3160	3
3161	1
3164	1
3166	3
3167	1
3168	2
3170	1
3173	2
3175	1
3177	2
3178	2
3179	1
3180	1
3181	1
3182	4
3183	1
3186	2
3188	2
3190	1
3191	2
3192	2
3194	1
3195	3
3196	1
3198	1
3201	1
3202	2
3203	1
3204	2
3205	1
3206	1
3208	1
3209	1
3210	1
3212	3
3213	1
3214	1
3216	1
3218	1
3219	1
3222	1
3225	1
3226	1
3227	2
3228	1
3229	1
3231	1
3234	2
3235	2
3236	1
3237	1
3239	1
3240	2
3241	1
3242	2
3243	2
3244	1
3245	1
3246	2
3249	1
3250	2
3251	2
3252	2
3253	1
3254	1
3255	2
3256	1
3258	1
3259	1
3260	1
3261	4
3263	1
3264	1
3265	1
3267	1
3271	5
3273	2
3274	1
3275	1
3278	1
3281	2
3283	1
3284	1
3287	1
3288	1
3290	2
3291	2
3296	1
3297	1
3299	3
3301	1
3302	1
3303	3
3304	1
3305	4
3306	2
3308	1
3311	1
3312	1
3315	2
3317	4
3319	1
3320	2
3323	1
3324	1
3327	3
3330	2
3333	3
3336	3
3338	2
3339	1
3340	1
3341	1
3342	2
3345	3
3348	3
3349	1
3350	3
3351	3
3352	2
3353	1
3354	1
3359	2
3360	1
3361	1
3362	1
3364	3
3365	3
3367	3
3369	2
3370	2
3372	1
3373	3
3374	1
3376	3
3377	1
3381	1
3382	2
3383	1
3384	2
3385	1
3386	3
3389	2
3395	2
3397	1
3398	2
3404	2
3405	2
3406	2
3408	1
3409	2
3410	3
3411	1
3412	1
3413	1
3414	2
3415	1
3416	2
3417	4
3418	1
3419	2
3420	2
3421	3
3422	1
3423	1
3426	2
3428	1
3429	1
3431	2
3432	2
3433	1
3435	1
3437	1
3439	1
3442	1
3443	2
3445	1
3446	3
3447	1
3448	2
3449	2
3462	2
3466	2
3467	1
3468	1
3471	1
3472	1
3473	2
3475	3
3476	2
3478	1
3480	1
3481	2
3482	1
3484	2
3486	1
3489	1
3490	1
3492	3
3493	1
3494	1
3496	1
3499	1
3500	1
3501	1
3502	1
3503	2
3504	2
3505	2
3507	1
3509	1
3510	1
3511	1
3512	1
3513	1
3514	1
3518	2
3519	2
3520	2
3522	2
3523	2
3525	1
3526	1
3527	1
3530	3
3533	2
3536	2
3538	2
3539	3
3542	1
3543	1
3544	4
3546	2
3547	1
3549	1
3550	1
3551	1
3555	3
3557	1
3559	1
3562	1
3563	1
3564	1
3565	1
3566	1
3567	1
3573	1
3574	1
3575	1
3577	1
3579	1
3582	2
3585	2
3590	1
3592	1
3594	2
3595	2
3596	3
3597	1
3598	1
3603	1
3606	1
3608	1
3609	1
3610	1
3612	1
3616	1
3617	1
3620	1
3623	3
3624	1
3627	2
3628	1
3629	1
3633	2
3635	1
3636	3
3637	2
3638	1
3640	2
3641	1
3644	2
3650	2
3651	1
3654	1
3656	1
3657	1
3658	1
3660	1
3661	1
3665	2
3667	1
3670	2
3671	1
3674	1
3680	1
3682	1
3689	1
3691	1
3693	1
3696	1
3698	1
3699	1
3700	2
3701	1
3702	2
3704	1
3706	2
3707	1
3709	1
3710	1
3712	1
3714	2
3715	1
3716	2
3721	1
3725	1
3728	1
3730	1
3731	2
3732	1
3735	3
3736	1
3738	2
3739	1
3742	1
3743	1
3744	2
3745	1
3749	1
3753	1
3758	1
3760	1
3761	1
3762	1
3763	1
3764	2
3766	1
3767	1
3768	1
3771	1
3773	1
3777	1
3778	1
3779	3
3780	3
3783	5
3785	1
3786	1
3787	1
3788	2
3789	1
3792	1
3793	1
3797	2
3799	1
3800	1
3802	1
3804	2
3806	1
3810	1
3811	1
3812	1
3815	1
3816	1
3823	2
3824	1
3825	1
3828	1
3830	2
3836	1
3837	1
3839	3
3842	1
3845	1
3846	1
3848	1
3849	2
3852	1
3856	1
3857	1
3858	1
3861	2
3862	2
3864	2
3869	1
3871	1
3873	2
3875	1
3876	3
3877	1
3879	1
3881	1
3883	1
3885	1
3886	1
3887	2
3888	1
3889	1
3891	1
3892	1
3893	2
3894	1
3895	2
3896	1
3898	1
3901	1
3902	1
3905	1
3908	3
3909	1
3910	1
3911	1
3913	2
3914	1
3915	1
3917	2
3918	1
3919	1
3924	1
3926	1
3927	1
3928	2
3929	2
3931	1
3932	1
3934	1
3936	1
3940	2
3942	2
3943	1
3944	1
3945	1
3949	2
3952	3
3954	1
3955	2
3956	1
3959	1
3960	1
3962	1
3964	1
3966	1
3970	2
3971	1
3972	1
3973	1
3974	1
3976	2
3979	1
3982	1
3984	1
3985	1
3986	2
3987	2
3988	1
3992	1
3993	1
3998	1
4000	1
4001	1
4006	4
4007	1
4009	1
4012	3
4016	1
4017	2
4018	1
4021	1
4022	1
4023	1
4024	1
4027	1
4028	1
4029	4
4030	1
4031	2
4034	2
4035	1
4036	2
4037	1
4038	1
4040	1
4041	2
4043	2
4044	1
4048	1
4049	2
4053	2
4055	2
4056	1
4060	2
4061	2
4062	2
4064	2
4065	1
4067	3
4069	2
4070	1
4073	1
4074	4
4078	1
4080	1
4082	1
4083	1
4084	2
4086	1
4087	1
4088	1
4089	1
4093	2
4094	1
4100	2
4101	1
4103	1
4104	1
4110	2
4111	2
4112	1
4114	1
4116	1
4117	1
4120	2
4125	2
4126	1
4130	1
4131	1
4134	3
4135	1
4136	1
4146	1
4148	1
4149	1
4151	1
4152	1
4153	2
4154	1
4155	4
4159	2
4161	1
4163	1
4165	1
4166	2
4168	1
4170	1
4171	4
4175	3
4176	3
4178	2
4180	1
4182	2
4183	1
4184	1
4185	1
4186	1
4190	1
4191	1
4192	2
4198	1
4203	1
4204	1
4206	1
4208	1
4209	1
4210	2
4211	3
4213	1
4215	1
4218	3
4222	1
4224	1
4229	1
4231	1
4233	2
4234	1
4236	2
4237	1
4238	2
4243	1
4244	1
4248	2
4249	2
4251	1
4254	1
4255	1
4256	2
4259	1
4260	1
4262	2
4263	2
4264	2
4265	3
4269	1
4270	1
4274	2
4280	1
4283	1
4284	1
4285	1
4287	2
4290	1
4293	2
4294	2
4296	1
4301	1
4303	2
4306	1
4307	2
4309	1
4310	3
4314	2
4318	1
4319	1
4320	1
4324	1
4325	2
4327	1
4328	1
4330	1
4335	1
4337	1
4339	1
4344	1
4345	1
4346	1
4347	1
4348	1
4350	1
4352	2
4355	1
4358	1
4359	1
4362	1
4364	1
4366	1
4369	1
4370	1
4372	2
4373	1
4376	3
4378	1
4381	2
4382	1
4383	2
4384	1
4385	3
4386	1
4387	1
4390	1
4391	3
4392	1
4394	2
4396	2
4397	1
4398	3
4399	1
4404	1
4405	1
4408	3
4410	1
4412	2
4416	2
4417	1
4418	1
4423	1
4424	1
4425	1
4426	1
4432	1
4436	1
4437	1
4438	1
4439	4
4440	1
4452	2
4453	1
4454	1
4456	4
4457	1
4459	1
4463	1
4464	1
4465	1
4466	1
4468	1
4470	1
4475	1
4479	3
4482	1
4483	1
4485	2
4487	1
4488	2
4497	2
4501	1
4502	1
4503	1
4506	2
4507	1
4515	1
4516	2
4518	1
4519	1
4521	1
4522	1
4530	2
4532	1
4533	1
4535	1
4537	1
4540	1
4541	3
4544	1
4545	1
4547	2
4549	1
4550	1
4556	1
4559	1
4560	1
4561	2
4566	1
4567	1
4572	1
4578	1
4585	1
4586	2
4587	1
4589	1
4591	1
4593	1
4595	2
4597	1
4602	1
4607	1
4608	1
4613	1
4615	1
4616	1
4618	1
4621	1
4628	1
4629	1
4630	2
4631	1
4634	1
4637	1
4638	1
4641	1
4644	1
4645	2
4646	1
4647	1
4649	1
4650	1
4651	1
4654	1
4655	1
4659	3
4661	1
4662	2
4663	1
4667	2
4668	1
4669	1
4673	1
4675	2
4676	1
4683	2
4692	2
4693	1
4695	2
4697	2
4698	3
4699	1
4700	1
4706	2
4707	1
4712	1
4715	2
4722	2
4726	1
4728	3
4730	1
4733	4
4735	1
4742	1
4743	1
4746	2
4747	1
4749	1
4750	1
4752	2
4756	1
4758	1
4761	2
4763	2
4767	1
4768	1
4770	2
4771	2
4773	2
4780	1
4783	2
4784	1
4788	1
4789	2
4792	1
4795	1
4797	2
4798	1
4801	2
4803	1
4808	1
4810	2
4811	1
4812	1
4813	1
4819	1
4821	1
4823	1
4824	1
4829	1
4832	2
4834	2
4835	2
4836	1
4837	1
4842	1
4844	2
4845	1
4848	1
4849	1
4850	1
4851	1
4853	1
4854	1
4857	1
4858	2
4860	2
4864	2
4868	2
4869	1
4870	1
4871	1
4873	1
4880	1
4881	1
4883	1
4886	1
4888	1
4891	1
4895	1
4898	1
4902	1
4903	1
4904	1
4906	1
4907	1
4909	1
4913	1
4915	2
4917	1
4918	1
4920	2
4922	1
4925	1
4929	1
4931	1
4932	1
4933	2
4934	1
4937	1
4941	1
4945	1
4949	1
4952	1
4953	1
4956	2
4957	1
4958	1
4959	1
4965	1
4968	1
4969	3
4970	1
4976	1
4977	1
4980	1
4982	1
4983	1
4986	1
4987	1
4989	1
4990	2
4991	1
4992	1
4993	1
4994	1
4995	1
4996	1
4999	2
5001	2
5004	1
5008	1
5014	2
5016	2
5024	1
5031	2
5038	2
5039	1
5045	1
5046	1
5048	3
5054	2
5061	1
5069	1
5077	1
5079	1
5080	2
5081	1
5087	1
5088	1
5089	1
5090	1
5091	3
5092	1
5096	1
5099	2
5100	1
5101	2
5102	1
5106	1
5107	1
5110	1
5116	1
5118	1
5119	1
5120	3
5121	1
5123	1
5124	1
5126	1
5132	1
5133	1
5134	1
5135	1
5137	1
5139	1
5142	1
5147	1
5148	1
5149	1
5150	1
5151	1
5152	1
5153	1
5154	1
5155	1
5157	2
5162	1
5163	1
5166	1
5169	1
5170	1
5171	1
5172	1
5173	1
5179	1
5180	3
5181	1
5184	1
5188	1
5191	1
5197	1
5198	1
5201	1
5205	1
5207	3
5216	1
5217	2
5221	1
5223	1
5224	1
5226	2
5228	2
5232	2
5236	1
5239	1
5241	1
5242	2
5243	1
5246	1
5252	1
5256	1
5258	2
5259	1
5260	2
5262	1
5263	1
5266	1
5268	2
5272	1
5273	1
5278	1
5279	1
5281	1
5282	1
5284	2
5286	2
5291	1
5295	1
5296	2
5297	1
5299	1
5300	1
5301	2
5302	1
5304	1
5306	1
5307	1
5309	1
5312	1
5313	1
5314	3
5315	1
5316	1
5318	1
5322	1
5324	2
5325	1
5326	1
5328	1
5332	1
5337	2
5338	2
5340	1
5341	1
5342	2
5345	1
5346	2
5350	1
5356	2
5358	2
5361	3
5362	1
5365	3
5368	1
5383	1
5384	1
5387	2
5389	1
5392	1
5393	1
5394	2
5398	2
5399	2
5401	1
5402	1
5405	1
5406	2
5407	1
5409	1
5412	1
5414	1
5421	3
5424	1
5428	1
5432	1
5433	1
5434	1
5435	1
5441	3
5446	2
5449	2
5456	1
5457	1
5459	1
5460	1
5461	3
5462	1
5463	1
5465	2
5466	1
5474	2
5475	1
5477	1
5480	1
5483	2
5487	2
5489	2
5495	1
5496	1
5501	2
5504	1
5505	1
5507	1
5508	1
5513	1
5516	1
5517	1
5518	1
5523	1
5524	1
5526	2
5527	1
5530	2
5532	2
5535	1
5537	1
5538	1
5541	1
5544	1
5545	1
5546	1
5547	1
5550	1
5559	1
5563	1
5566	1
5567	1
5568	1
5569	1
5572	1
5586	2
5587	1
5591	3
5593	2
5594	1
5597	1
5598	2
5599	1
5603	2
5604	1
5615	1
5617	2
5618	2
5624	2
5625	1
5626	1
5629	1
5633	1
5634	1
5637	1
5641	1
5644	1
5647	1
5650	1
5657	1
5660	1
5665	1
5673	1
5679	2
5682	1
5684	1
5686	1
5688	1
5689	1
5690	1
5702	2
5703	1
5704	1
5706	1
5711	1
5714	1
5719	1
5720	1
5722	1
5723	1
5724	1
5729	1
5731	1
5733	1
5734	2
5737	1
5743	1
5744	1
5751	1
5755	1
5757	3
5760	2
5762	1
5764	1
5766	1
5768	1
5771	1
5772	1
5775	3
5776	1
5777	1
5783	1
5784	2
5790	1
5794	1
5796	1
5802	1
5806	2
5807	2
5810	1
5813	1
5816	1
5820	1
5823	1
5827	1
5833	1
5834	1
5837	1
5840	1
5848	1
5851	1
5853	3
5854	3
5860	1
5861	1
5862	1
5863	1
5864	1
5865	1
5866	1
5868	1
5869	1
5871	1
5872	1
5874	1
5875	1
5877	1
5879	1
5881	2
5883	2
5884	1
5890	1
5891	1
5892	1
5893	1
5894	1
5895	1
5896	1
5898	2
5900	1
5902	2
5906	1
5908	3
5911	1
5914	1
5917	1
5921	2
5924	1
5930	1
5933	2
5939	2
5951	1
5955	1
5957	1
5958	1
5959	1
5960	2
5963	1
5964	2
5969	1
5972	2
5973	1
5977	2
5981	1
5984	1
5985	1
5986	1
5988	1
5993	1
5995	2
6001	1
6003	1
6005	2
6006	1
6009	1
6017	1
6018	2
6019	1
6021	1
6023	2
6025	2
6027	2
6029	1
6031	1
6036	1
6039	2
6044	1
6047	2
6050	1
6051	1
6052	1
6055	1
6061	1
6062	3
6065	1
6078	2
6079	1
6085	1
6086	1
6091	1
6094	1
6104	1
6106	2
6107	1
6109	2
6114	1
6116	1
6117	1
6118	1
6120	1
6124	1
6125	1
6128	1
6129	1
6133	1
6135	1
6136	1
6137	1
6140	1
6152	1
6154	1
6158	1
6159	1
6160	1
6162	1
6176	1
6180	1
6183	1
6185	1
6188	1
6190	1
6191	1
6197	1
6198	2
6202	2
6206	1
6207	1
6208	1
6211	2
6212	1
6213	2
6217	1
6218	1
6219	1
6221	1
6225	1
6228	1
6229	2
6232	1
6233	1
6243	1
6245	1
6246	1
6252	1
6260	3
6265	1
6266	1
6272	1
6277	1
6279	1
6280	1
6284	1
6289	1
6293	1
6294	2
6295	1
6296	1
6301	2
6309	2
6310	1
6315	1
6320	1
6331	1
6333	1
6336	1
6339	1
6341	1
6343	1
6345	1
6349	1
6352	1
6353	1
6358	1
6359	1
6361	1
6363	1
6366	1
6369	2
6370	1
6371	1
6376	1
6379	3
6381	1
6382	1
6383	1
6384	1
6386	2
6388	1
6390	1
6391	1
6393	1
6394	1
6395	1
6397	2
6401	2
6403	2
6406	1
6407	2
6408	1
6409	2
6413	1
6418	1
6421	1
6422	1
6425	1
6427	1
6428	1
6429	1
6435	1
6438	1
6439	1
6444	1
6451	2
6452	1
6453	1
6459	1
6465	1
6467	1
6474	1
6481	1
6483	1
6484	3
6488	1
6491	2
6492	1
6494	1
6495	1
6498	1
6499	2
6500	1
6507	1
6508	1
6514	1
6521	1
6522	1
6524	1
6525	1
6526	1
6527	1
6529	2
6532	2
6533	2
6535	1
6536	1
6537	1
6538	1
6541	2
6546	1
6551	1
6560	1
6564	1
6568	1
6569	2
6572	2
6577	1
6582	1
6587	1
6588	1
6589	1
6592	1
6595	1
6597	2
6598	1
6600	1
6603	1
6604	1
6608	1
6616	1
6617	3
6621	1
6622	3
6630	1
6632	1
6633	1
6639	1
6643	1
6646	1
6648	2
6649	1
6658	1
6663	1
6664	1
6666	1
6667	3
6671	2
6674	1
6679	1
6681	1
6682	1
6690	1
6704	1
6705	1
6707	1
6710	1
6712	1
6716	1
6724	1
6725	1
6726	1
6729	1
6730	1
6732	2
6734	1
6735	1
6736	3
6738	1
6744	1
6747	1
6751	1
6756	1
6765	1
6774	1
6778	1
6780	1
6786	1
6787	1
6788	1
6789	1
6792	1
6795	2
6799	1
6801	1
6804	2
6805	2
6811	1
6812	1
6813	1
6814	1
6815	1
6819	1
6822	1
6823	1
6824	1
6825	1
6830	1
6833	1
6835	1
6842	1
6844	1
6851	1
6855	1
6856	1
6862	2
6866	1
6870	1
6879	2
6882	2
6885	1
6889	1
6910	1
6916	1
6918	1
6920	1
6927	1
6929	1
6930	1
6931	2
6942	1
6945	2
6946	1
6947	1
6969	1
6970	1
6975	1
6984	1
6988	1
6991	1
6993	1
6999	2
7003	1
7017	3
7018	2
7028	1
7029	1
7030	1
7031	1
7037	1
7040	1
7041	1
7048	1
7052	1
7058	1
7062	1
7063	1
7065	1
7068	1
7071	2
7073	1
7078	1
7079	2
7080	2
7084	2
7086	3
7093	1
7094	1
7096	1
7106	1
7110	1
7111	1
7112	2
7113	1
7114	1
7124	2
7125	1
7128	1
7130	1
7137	2
7143	1
7153	1
7154	1
7155	1
7156	1
7164	1
7165	2
7168	1
7169	1
7175	1
7177	1
7179	1
7186	1
7192	3
7196	1
7200	1
7204	1
7214	1
7215	2
7220	1
7225	1
7226	1
7235	3
7236	1
7237	2
7242	1
7243	1
7247	1
7251	1
7253	1
7254	3
7259	2
7262	1
7264	1
7267	2
7270	1
7271	1
7274	2
7284	1
7285	2
7286	1
7287	1
7294	1
7295	1
7297	1
7299	1
7300	3
7308	3
7315	1
7316	1
7323	1
7325	1
7331	1
7332	3
7339	2
7344	1
7345	2
7346	2
7347	1
7350	1
7354	1
7355	1
7374	1
7377	2
7380	1
7381	1
7393	1
7397	1
7398	1
7400	1
7401	1
7403	1
7405	1
7406	1
7409	1
7416	2
7418	1
7419	1
7425	1
7429	1
7431	2
7435	1
7436	2
7441	1
7444	1
7446	2
7448	1
7462	1
7463	1
7466	1
7471	1
7474	1
7480	1
7489	1
7493	1
7494	1
7496	1
7498	1
7499	1
7503	1
7504	1
7506	1
7507	1
7509	1
7515	1
7517	1
7518	1
7520	1
7522	1
7526	1
7528	2
7530	1
7531	1
7532	1
7540	1
7543	1
7558	1
7562	1
7565	2
7566	1
7569	1
7576	1
7585	1
7586	2
7590	1
7592	1
7594	1
7597	1
7617	1
7620	1
7621	2
7624	1
7634	1
7635	1
7636	1
7638	1
7642	1
7648	1
7649	1
7654	1
7655	1
7660	3
7669	1
7672	1
7677	1
7679	2
7680	3
7685	2
7698	1
7700	1
7701	1
7703	1
7704	1
7708	3
7711	1
7726	1
7728	1
7731	1
7738	1
7739	1
7750	2
7757	1
7758	1
7763	1
7766	1
7772	2
7778	1
7779	1
7782	1
7783	2
7789	1
7792	1
7794	1
7795	1
7796	1
7802	1
7803	1
7806	1
7807	1
7818	1
7820	1
7821	1
7822	1
7824	1
7826	1
7827	1
7828	1
7834	1
7835	1
7847	1
7850	1
7852	1
7860	1
7862	1
7864	1
7867	2
7873	1
7877	1
7881	1
7889	1
7895	2
7898	1
7903	1
7906	1
7907	1
7913	1
7914	1
7916	2
7917	2
7925	1
7928	1
7930	1
7933	1
7937	1
7938	1
7943	1
7944	1
7945	1
7946	1
7949	1
7950	1
7956	1
7957	1
7963	2
7971	1
7972	1
7973	1
7976	1
7984	1
7988	1
7990	1
7995	2
7998	1
7999	1
8002	1
8005	1
8008	1
8009	1
8010	2
8012	1
8014	1
8023	1
8030	1
8032	2
8033	1
8038	1
8039	1
8046	1
8047	1
8048	1
8049	1
8052	2
8054	2
8058	1
8059	1
8060	1
8063	1
8076	1
8077	1
8080	3
8081	2
8082	1
8088	1
8091	1
8092	3
8105	1
8113	2
8126	1
8127	1
8131	1
8134	1
8137	1
8138	1
8139	1
8143	1
8145	1
8146	1
8151	1
8155	1
8164	1
8175	1
8178	1
8181	2
8183	1
8185	1
8189	1
8195	2
8200	1
8204	1
8211	1
8220	1
8234	1
8236	1
8239	1
8248	1
8249	1
8250	1
8252	1
8262	1
8265	1
8269	1
8270	1
8271	1
8276	1
8277	1
8291	1
8292	1
8297	1
8298	1
8300	1
8301	1
8306	2
8320	1
8328	1
8332	1
8333	1
8339	2
8340	1
8364	1
8365	1
8380	1
8383	1
8391	1
8394	1
8395	1
8396	1
8397	2
8402	1
8404	1
8405	1
8406	1
8407	1
8413	1
8414	1
8416	1
8419	1
8421	1
8434	1
8435	1
8437	1
8440	1
8448	1
8449	1
8452	1
8453	1
8455	1
8456	1
8459	2
8460	1
8461	1
8462	1
8467	1
8475	1
8483	1
8485	2
8486	2
8490	1
8495	1
8497	2
8498	1
8501	1
8502	2
8505	1
8516	1
8524	1
8528	1
8531	1
8534	1
8535	1
8540	1
8546	1
8548	1
8550	1
8552	1
8554	1
8561	1
8564	1
8565	1
8566	1
8568	1
8569	2
8570	1
8572	1
8573	1
8584	2
8586	1
8587	1
8588	2
8593	1
8598	1
8606	1
8623	1
8628	1
8642	1
8643	1
8651	2
8653	1
8654	2
8656	1
8664	1
8666	2
8667	1
8668	1
8673	1
8685	1
8690	1
8696	1
8698	1
8700	1
8701	4
8725	1
8732	1
8733	1
8736	2
8745	2
8746	1
8749	1
8758	1
8769	1
8775	1
8791	1
8794	1
8795	1
8804	1
8805	1
8813	1
8820	1
8822	1
8829	2
8836	1
8837	1
8838	2
8844	1
8860	1
8862	1
8866	1
8868	1
8871	1
8877	1
8878	2
8879	2
8881	1
8889	1
8891	1
8895	2
8897	1
8900	1
8901	1
8903	1
8911	1
8918	1
8919	2
8920	1
8933	1
8940	1
8943	1
8945	1
8946	1
8949	1
8952	1
8963	1
8965	1
8966	2
8968	1
8969	1
8971	1
8972	2
8976	1
8978	1
8979	1
8993	1
8996	1
8998	1
8999	1
9007	1
9014	1
9016	1
9018	2
9020	1
9025	1
9030	1
9045	1
9057	1
9059	1
9061	1
9066	3
9067	1
9068	1
9078	1
9080	1
9086	1
9089	1
9091	1
9092	1
9095	1
9097	3
9102	1
9107	1
9113	1
9115	1
9122	1
9124	1
9130	1
9135	2
9142	1
9146	1
9147	1
9150	1
9158	1
9159	1
9163	1
9177	1
9178	1
9183	1
9194	1
9205	1
9207	1
9214	2
9222	1
9232	1
9234	1
9235	1
9236	2
9245	1
9248	1
9252	1
9258	1
9262	1
9264	1
9270	1
9273	1
9275	1
9280	1
9281	1
9288	3
9291	2
9297	1
9300	1
9311	2
9317	1
9323	1
9327	1
9328	1
9335	1
9349	1
9350	1
9357	1
9360	1
9361	1
9364	1
9368	1
9374	1
9384	1
9393	2
9398	1
9403	1
9411	1
9413	1
9414	1
9420	1
9421	1
9427	1
9436	1
9437	1
9439	2
9442	1
9446	1
9454	1
9457	1
9459	1
9474	1
9480	2
9483	1
9489	1
9491	1
9492	1
9496	1
9505	1
9506	1
9507	2
9514	2
9518	1
9522	1
9525	1
9531	1
9533	1
9534	2
9538	2
9540	1
9543	1
9549	1
9554	1
9557	1
9558	1
9564	1
9566	1
9570	1
9577	1
9606	1
9608	1
9609	1
9611	1
9615	1
9621	1
9622	1
9628	1
9634	1
9644	1
9661	1
9662	1
9666	1
9670	1
9673	1
9690	1
9697	1
9699	1
9709	1
9717	1
9724	1
9726	1
9732	1
9741	1
9743	1
9778	1
9779	1
9783	1
9800	1
9804	1
9808	1
9809	1
9823	1
9826	1
9831	1
9834	1
9841	1
9844	1
9852	1
9853	2
9873	1
9879	1
9884	1
9888	1
9889	1
9891	1
9895	1
9901	1
9903	1
9904	1
9909	1
9912	1
9924	1
9931	1
9933	1
9934	1
9935	1
9936	1
9937	1
9943	1
9946	1
9949	1
9950	1
9952	1
9960	2
9962	1
9965	2
9979	1
9990	1
9996	1
9999	1
10005	1
10008	1
10012	1
10022	1
10034	1
10036	1
10039	2
10058	1
10066	1
10067	1
10069	1
10072	1
10076	1
10079	1
10091	1
10101	1
10107	1
10112	2
10124	1
10128	1
10132	1
10133	1
10137	2
10139	1
10140	1
10141	1
10143	1
10145	1
10146	3
10148	1
10158	1
10159	1
10166	1
10170	2
10172	1
10173	1
10174	1
10178	1
10182	2
10187	1
10188	1
10190	1
10198	1
10201	1
10208	1
10209	2
10216	2
10224	1
10225	2
10226	2
10229	2
10240	1
10243	1
10250	1
10259	1
10261	1
10264	1
10266	1
10268	1
10271	1
10274	1
10275	1
10276	1
10283	1
10290	1
10311	1
10312	1
10313	1
10315	1
10322	2
10326	1
10327	1
10339	1
10341	1
10352	1
10353	1
10367	1
10369	1
10381	1
10382	1
10385	1
10392	1
10394	1
10395	1
10407	1
10409	1
10415	1
10416	1
10420	1
10427	1
10433	1
10434	1
10443	1
10460	1
10462	1
10467	1
10469	1
10472	1
10475	1
10477	1
10480	1
10497	1
10499	1
10505	1
10514	1
10522	2
10528	1
10529	2
10531	1
10542	1
10547	1
10556	1
10560	1
10569	2
10576	1
10577	1
10579	1
10580	3
10586	1
10598	1
10603	1
10608	1
10611	1
10613	1
10617	1
10625	1
10632	1
10634	1
10640	1
10643	1
10644	1
10646	1
10654	1
10657	1
10660	1
10661	1
10667	1
10669	1
10671	1
10675	1
10681	1
10682	1
10683	1
10690	1
10697	1
10710	1
10720	1
10721	1
10722	1
10725	1
10730	1
10732	3
10736	1
10744	1
10746	2
10749	1
10757	2
10760	3
10770	1
10773	1
10783	1
10788	1
10793	1
10802	1
10804	2
10810	1
10811	1
10815	1
10818	1
10825	1
10834	1
10836	1
10843	2
10853	1
10864	2
10872	1
10885	1
10889	1
10899	1
10902	1
10903	3
10906	1
10918	1
10932	2
10951	1
10958	1
10968	1
10984	1
10986	1
10990	1
11006	1
11010	1
11012	1
11015	1
11017	1
11020	1
11022	1
11024	1
11030	1
11044	1
11050	3
11051	1
11053	1
11055	1
11057	1
11062	1
11071	1
11074	1
11081	1
11085	1
11091	1
11096	1
11097	1
11098	1
11103	1
11105	1
11112	1
11113	1
11124	1
11130	1
11134	1
11147	1
11151	1
11154	1
11156	1
11157	1
11165	1
11185	1
11188	1
11189	1
11191	2
11202	1
11203	1
11209	1
11213	1
11216	1
11218	2
11219	1
11220	2
11221	1
11223	1
11231	1
11259	1
11283	1
11289	1
11316	1
11320	1
11337	1
11347	1
11350	1
11357	2
11359	1
11364	1
11365	1
11369	1
11397	1
11405	1
11407	1
11409	2
11412	1
11419	1
11420	1
11423	1
11427	1
11442	2
11446	1
11453	1
11457	1
11458	1
11461	1
11476	1
11480	1
11482	1
11487	1
11491	1
11502	1
11512	1
11517	1
11521	2
11528	1
11531	1
11532	1
11536	1
11541	1
11545	2
11546	1
11561	1
11566	1
11570	1
11573	1
11576	1
11579	1
11587	1
11588	1
11603	1
11604	2
11610	2
11619	1
11620	2
11622	1
11629	1
11630	1
11631	1
11638	1
11645	2
11653	1
11664	1
11666	1
11676	1
11691	1
11693	1
11696	1
11702	1
11711	1
11715	1
11718	1
11731	1
11741	1
11742	1
11747	1
11750	1
11751	1
11752	2
11757	1
11762	1
11788	1
11797	1
11799	1
11802	1
11809	1
11812	1
11831	1
11832	1
11833	1
11834	1
11841	1
11851	2
11864	1
11868	1
11869	1
11873	1
11878	1
11889	1
11907	1
11908	1
11912	1
11918	1
11936	1
11941	1
11947	1
11949	1
11951	1
11956	1
11958	1
11959	2
11972	1
11991	2
11994	1
11997	1
11999	1
12003	1
12004	1
12008	2
12010	1
12016	1
12021	1
12026	2
12034	1
12041	1
12049	1
12052	1
12056	1
12067	1
12068	1
12076	1
12078	1
12091	1
12124	2
12127	1
12130	1
12145	1
12157	1
12159	1
12166	1
12175	1
12176	1
12181	1
12207	1
12213	1
12221	1
12227	1
12232	1
12236	1
12237	1
12240	1
12243	1
12248	1
12251	1
12252	1
12258	1
12259	1
12263	1
12268	1
12275	1
12276	1
12305	1
12325	1
12334	1
12353	1
12355	1
12384	1
12387	1
12402	1
12414	2
12415	1
12433	1
12437	1
12438	1
12446	1
12450	2
12458	1
12478	1
12482	2
12483	1
12498	1
12499	1
12507	1
12513	1
12541	1
12556	1
12559	1
12560	1
12563	1
12565	1
12572	1
12578	1
12588	1
12591	2
12594	1
12606	1
12619	1
12626	1
12631	1
12633	2
12639	1
12643	1
12648	1
12651	1
12663	1
12673	2
12682	1
12689	1
12701	1
12703	1
12704	1
12706	1
12710	1
12719	1
12720	2
12730	1
12735	1
12736	1
12747	1
12750	1
12759	1
12760	1
12761	1
12775	1
12776	1
12779	1
12786	1
12789	1
12800	1
12820	1
12834	1
12836	1
12842	1
12847	1
12848	1
12863	1
12891	1
12898	1
12902	1
12927	1
12934	1
12937	1
12939	1
12945	1
12949	1
12958	2
12962	1
12977	1
13002	1
13020	1
13029	1
13034	1
13042	2
13046	1
13049	1
13057	1
13058	1
13059	1
13076	1
13088	1
13089	1
13094	1
13095	1
13098	1
13101	1
13103	1
13104	1
13123	1
13125	1
13163	2
13172	1
13180	1
13182	1
13184	1
13202	1
13203	1
13226	1
13233	1
13238	1
13249	1
13253	1
13256	1
13257	1
13263	1
13272	1
13274	1
13284	1
13291	1
13302	1
13310	1
13317	1
13323	1
13335	1
13338	1
13350	1
13351	1
13353	1
13374	1
13380	1
13382	1
13392	1
13397	1
13404	1
13407	1
13421	1
13425	1
13426	1
13428	1
13438	1
13442	1
13444	2
13445	1
13449	1
13455	1
13470	1
13476	1
13477	1
13489	1
13491	1
13494	1
13501	1
13503	1
13506	1
13512	1
13519	1
13525	1
13535	1
13540	1
13554	1
13582	1
13589	1
13591	1
13605	1
13611	1
13633	1
13646	1
13655	1
13683	1
13687	1
13709	1
13710	1
13725	1
13745	1
13751	1
13758	1
13781	1
13789	1
13792	1
13793	1
13806	1
13811	1
13818	1
13830	1
13841	1
13844	2
13857	1
13858	1
13862	1
13869	1
13887	2
13898	1
13909	1
13917	1
13918	1
13920	1
13925	2
13934	1
13950	1
13965	1
13966	1
13972	1
13977	1
13988	1
13990	1
13997	1
14001	1
14005	1
14010	1
14020	1
14042	1
14045	1
14064	1
14070	1
14076	1
14087	1
14091	1
14107	1
14108	1
14135	2
14136	1
14152	1
14160	1
14173	1
14186	1
14187	1
14188	1
14189	1
14192	2
14202	1
14214	1
14215	1
14223	1
14237	1
14242	1
14244	1
14254	1
14268	1
14269	1
14277	1
14282	1
14288	1
14291	1
14299	1
14302	1
14310	1
14316	1
14319	1
14343	1
14351	1
14375	1
14388	1
14402	1
14405	1
14413	1
14429	1
14437	1
14453	1
14454	1
14457	1
14460	1
14475	1
14482	1
14497	1
14498	1
14502	1
14504	1
14505	1
14536	1
14545	1
14548	1
14551	1
14552	1
14571	1
14590	1
14601	1
14602	1
14609	1
14611	1
14613	1
14616	2
14623	1
14629	1
14631	1
14638	1
14648	1
14652	1
14661	1
14662	1
14679	1
14688	1
14691	1
14698	1
14699	1
14701	1
14705	1
14715	1
14718	1
14730	1
14734	1
14741	1
14743	1
14748	1
14764	1
14786	1
14792	1
14796	1
14815	1
14822	1
14829	1
14833	1
14842	2
14844	1
14845	1
14854	1
14883	1
14891	1
14894	1
14896	1
14902	1
14931	1
14943	1
14968	1
14986	1
15009	2
15034	1
15056	1
15064	1
15072	1
15082	1
15087	1
15091	1
15098	1
15100	1
15106	1
15121	1
15124	1
15129	1
15133	2
15134	1
15152	1
15165	1
15187	1
15189	1
15192	1
15194	1
15195	1
15197	1
15242	1
15258	1
15259	1
15261	1
15267	1
15272	1
15274	1
15276	1
15277	1
15287	1
15288	1
15295	1
15296	2
15307	1
15311	1
15340	1
15368	1
15372	1
15377	1
15395	1
15398	1
15405	1
15407	1
15409	1
15414	1
15423	1
15431	1
15436	1
15438	1
15450	1
15465	1
15466	1
15467	1
15482	1
15485	1
15488	1
15500	2
15513	1
15519	1
15534	1
15537	1
15548	1
15559	1
15563	1
15567	1
15578	1
15579	1
15595	1
15607	1
15618	1
15631	1
15633	1
15643	1
15645	1
15659	1
15669	1
15670	1
15708	1
15726	1
15740	1
15742	1
15768	1
15771	1
15791	1
15800	1
15809	1
15819	1
15842	1
15857	1
15862	1
15864	1
15874	1
15881	1
15898	1
15901	1
15906	2
15920	1
15930	1
15931	1
15959	1
15960	1
15967	1
16005	1
16011	1
16018	1
16028	1
16041	2
16043	1
16054	1
16061	1
16070	1
16084	1
16094	1
16098	1
16099	1
16116	1
16151	1
16157	1
16170	1
16172	1
16181	1
16182	1
16193	1
16203	2
16204	1
16237	1
16238	1
16246	2
16250	1
16261	1
16262	1
16268	1
16273	1
16291	2
16310	1
16326	1
16329	1
16330	2
16350	1
16354	1
16356	1
16358	1
16378	1
16380	1
16394	1
16399	1
16408	1
16415	1
16419	1
16423	1
16443	1
16477	1
16493	1
16506	1
16508	1
16514	1
16518	1
16523	1
16527	1
16536	1
16549	1
16550	1
16565	1
16566	1
16583	1
16585	1
16589	1
16601	1
16629	1
16636	1
16643	1
16665	1
16669	1
16672	1
16679	1
16682	1
16697	1
16698	1
16751	1
16815	1
16817	1
16828	1
16840	1
16847	1
16849	1
16851	2
16861	1
16880	2
16914	1
16946	1
16951	1
16962	1
16964	2
16972	1
16975	1
16985	1
16994	1
16999	1
17002	1
17014	1
17028	1
17035	1
17050	1
17070	1
17109	2
17134	1
17143	1
17148	2
17152	1
17155	1
17164	1
17183	1
17187	1
17208	1
17231	1
17233	1
17251	1
17263	1
17271	1
17290	1
17294	1
17309	1
17317	1
17323	1
17330	1
17339	1
17341	1
17345	1
17350	2
17352	1
17369	1
17376	1
17391	1
17408	1
17429	1
17435	1
17443	1
17455	1
17459	1
17462	1
17471	1
17482	1
17483	1
17511	1
17524	1
17528	1
17533	1
17535	1
17544	1
17568	1
17579	2
17596	1
17616	1
17627	1
17629	1
17645	1
17657	1
17658	1
17672	1
17683	1
17697	1
17711	1
17712	1
17729	1
17731	1
17736	1
17743	1
17759	2
17774	1
17836	2
17861	1
17864	1
17883	1
17913	1
17921	1
17930	1
17932	1
17938	2
17942	1
17957	1
17975	2
17979	1
18011	1
18019	1
18021	1
18031	1
18035	1
18040	1
18055	1
18078	1
18102	1
18106	1
18113	1
18117	1
18129	1
18136	1
18150	1
18193	2
18198	1
18206	1
18231	1
18250	1
18263	1
18294	1
18314	1
18317	1
18325	1
18342	1
18363	1
18379	1
18398	1
18411	1
18420	1
18456	1
18458	1
18495	1
18521	1
18530	1
18542	1
18553	1
18555	1
18583	2
18584	1
18585	1
18588	1
18607	1
18643	1
18673	1
18675	1
18678	1
18691	1
18697	1
18723	1
18729	1
18733	1
18764	1
18781	1
18830	1
18833	1
18835	1
18849	1
18855	1
18878	1
18882	1
18888	1
18894	1
18900	1
18907	2
18913	1
18919	1
18925	1
18939	1
18955	1
18958	1
18959	1
18976	1
18978	1
18985	1
18989	1
18999	1
19050	1
19051	1
19062	1
19097	1
19102	1
19128	1
19144	1
19146	1
19195	1
19209	1
19218	1
19237	1
19244	1
19261	1
19262	1
19275	1
19297	1
19300	1
19314	2
19315	1
19330	1
19332	1
19333	1
19347	1
19365	2
19382	1
19383	1
19416	1
19418	2
19432	1
19439	1
19455	1
19480	1
19495	1
19510	1
19538	1
19562	1
19620	1
19622	1
19627	1
19637	1
19646	1
19660	1
19661	1
19673	1
19685	1
19689	1
19706	1
19713	1
19714	1
19717	1
19725	1
19729	1
19798	1
19810	1
19838	1
19859	1
19867	1
19881	1
19896	1
19906	1
19910	1
19913	1
19927	1
19928	1
19957	1
19968	1
19995	1
20004	1
20018	1
20027	1
20028	1
20033	1
20038	1
20041	1
20065	1
20067	1
20077	1
20086	1
20101	1
20104	1
20134	1
20142	1
20145	1
20146	1
20147	1
20180	1
20186	1
20189	1
20192	1
20198	1
20233	1
20248	1
20249	1
20268	1
20272	1
20300	1
20323	1
20343	1
20350	1
20352	1
20415	1
20448	1
20450	1
20469	1
20505	1
20529	1
20531	1
20541	1
20550	1
20566	1
20567	1
20589	1
20591	1
20604	1
20607	1
20647	1
20662	1
20674	2
20697	1
20701	1
20704	1
20706	1
20740	1
20766	1
20787	1
20795	1
20870	1
20888	1
20901	1
20915	1
20921	1
20923	1
20949	1
20956	1
20958	1
20971	1
20996	1
21006	1
21035	1
21043	1
21183	1
21190	1
21194	1
21198	1
21203	2
21205	2
21227	1
21269	1
21272	1
21283	1
21303	1
21333	1
21337	1
21362	1
21378	1
21406	1
21428	1
21440	1
21445	1
21452	1
21458	1
21480	1
21486	1
21511	1
21537	1
21550	1
21566	1
21577	1
21604	1
21607	1
21627	1
21662	1
21675	1
21696	1
21702	1
21732	1
21766	1
21767	1
21768	1
21786	1
21787	1
21811	1
21831	1
21838	1
21850	1
21864	1
21881	1
21890	1
21900	1
21932	1
21958	1
21959	1
21963	1
21967	1
21986	1
21997	1
22038	1
22072	1
22098	1
22129	1
22142	1
22145	1
22152	1
22187	1
22188	1
22192	1
22195	1
22202	1
22237	1
22264	1
22289	1
22315	1
22322	1
22329	1
22330	2
22344	1
22348	1
22353	3
22367	1
22380	1
22464	1
22466	1
22476	1
22485	1
22502	1
22536	1
22547	2
22586	1
22590	1
22592	1
22601	1
22649	1
22669	1
22712	1
22714	1
22730	1
22737	1
22739	1
22800	1
22809	1
22853	1
22863	1
22866	1
22868	1
22881	1
22891	1
22894	1
22896	1
22907	1
22917	1
22937	1
22938	1
22947	1
22963	1
22966	1
22976	1
23026	1
23066	1
23082	1
23102	1
23115	1
23134	1
23135	1
23147	1
23153	2
23155	1
23158	1
23183	1
23244	1
23261	1
23273	1
23323	1
23367	2
23369	1
23373	1
23379	1
23382	1
23456	1
23485	2
23502	1
23544	1
23563	1
23594	1
23627	1
23661	1
23683	1
23691	1
23706	1
23707	1
23708	1
23709	1
23724	1
23742	1
23750	1
23757	1
23759	1
23809	2
23847	1
23855	1
23860	1
23865	1
23870	1
23873	1
23874	1
23911	1
23933	2
23935	1
23940	1
23947	1
24024	1
24048	1
24139	1
24160	1
24168	1
24171	1
24249	1
24274	1
24302	1
24305	1
24307	1
24326	1
24337	1
24395	1
24415	1
24421	1
24423	1
24464	1
24477	1
24506	1
24530	1
24545	1
24624	1
24629	1
24664	1
24704	1
24735	1
24789	1
24793	2
24805	1
24806	1
24820	1
24822	1
24833	1
24842	1
24852	1
24870	1
24884	1
24900	1
24934	1
24951	1
24981	1
24995	1
25019	1
25095	1
25102	1
25123	1
25130	1
25149	1
25171	1
25183	1
25219	1
25221	1
25231	1
25234	1
25235	1
25249	1
25284	1
25312	1
25321	1
25326	1
25338	1
25353	1
25362	2
25379	1
25436	1
25463	2
25486	1
25491	1
25531	2
25546	1
25597	1
25602	1
25617	1
25637	1
25644	1
25659	1
25670	1
25712	1
25807	1
25885	1
25910	1
25928	1
25935	1
25941	1
25970	1
25976	1
26036	1
26060	1
26070	1
26166	1
26184	1
26225	1
26238	1
26257	1
26297	1
26369	1
26402	1
26408	1
26411	1
26423	1
26424	1
26432	1
26471	1
26472	1
26473	1
26480	1
26505	2
26506	1
26510	1
26569	1
26578	1
26602	1
26609	1
26663	1
26677	1
26683	1
26714	1
26716	1
26719	1
26769	1
26784	1
26816	1
26820	1
26837	1
26865	1
26882	1
26889	1
26899	1
26913	1
26928	1
26937	1
26939	1
26954	1
26959	1
26967	1
26991	1
27082	1
27189	1
27203	1
27219	1
27249	1
27251	1
27258	1
27280	1
27309	1
27332	1
27347	1
27364	1
27381	1
27386	1
27396	1
27411	1
27461	1
27481	1
27505	1
27508	1
27554	1
27559	1
27568	1
27616	2
27706	1
27718	1
27771	1
27832	1
27833	1
27877	1
27884	1
27893	1
27903	1
27906	1
27931	1
27945	1
27961	2
27969	1
27979	1
28014	1
28041	1
28056	1
28102	1
28176	1
28236	1
28246	1
28250	1
28300	1
28303	1
28324	1
28328	1
28374	1
28407	1
28423	1
28428	1
28448	1
28449	1
28463	1
28548	1
28558	1
28560	1
28566	1
28574	1
28622	1
28700	1
28703	1
28742	1
28813	1
28820	1
28825	1
28850	1
28922	1
28932	1
28974	1
28975	1
28978	1
28998	1
29012	1
29091	1
29092	1
29098	1
29130	1
29140	1
29170	1
29192	1
29206	1
29210	1
29216	1
29282	1
29286	1
29308	1
29311	1
29325	1
29344	1
29346	1
29350	1
29460	1
29461	1
29501	1
29558	1
29559	1
29581	1
29690	1
29699	1
29707	2
29725	1
29737	1
29754	1
29786	1
29834	1
29870	1
29877	1
29892	1
29894	1
29926	1
29951	1
29971	1
29997	1
29998	1
30002	1
30051	1
30057	1
30071	1
30126	1
30172	1
30176	1
30178	1
30181	1
30182	1
30187	1
30192	1
30202	1
30216	1
30241	1
30268	1
30271	1
30274	1
30275	1
30299	1
30303	1
30310	1
30311	1
30319	1
30356	1
30359	1
30425	1
30472	1
30479	1
30529	1
30530	1
30553	1
30586	1
30599	1
30620	1
30621	1
30658	1
30688	1
30695	1
30727	1
30770	1
30814	1
30826	1
30832	1
30862	1
30883	1
30962	1
30966	1
31044	1
31047	1
31071	1
31090	1
31093	1
31125	1
31126	1
31145	1
31155	2
31203	1
31206	1
31231	1
31258	1
31266	1
31273	1
31322	1
31331	1
31352	1
31357	1
31374	1
31382	1
31436	1
31471	1
31483	1
31522	1
31544	1
31558	1
31578	1
31580	1
31607	1
31629	1
31651	1
31677	1
31692	1
31703	1
31783	1
31802	1
31803	1
31837	1
31882	1
31889	1
31929	1
31934	1
31945	1
31958	1
31960	1
31993	1
32062	1
32134	1
32141	1
32157	1
32160	2
32163	1
32193	1
32202	1
32237	1
32238	2
32331	1
32386	1
32415	1
32478	1
32520	1
32614	1
32625	1
32678	1
32693	1
32696	1
32699	1
32706	1
32709	1
32710	1
32731	1
32796	1
32901	1
32942	1
32952	1
32989	1
33011	1
33014	1
33044	1
33058	1
33075	1
33092	1
33128	1
33133	1
33154	1
33173	1
33181	1
33219	1
33311	1
33320	2
33326	1
33344	1
33349	1
33384	1
33397	1
33420	1
33456	1
33556	1
33608	1
33625	1
33667	1
33726	1
33771	1
33797	1
33812	1
33831	1
33843	1
33875	1
33940	2
33960	1
33965	1
33998	1
34005	2
34040	1
34072	1
34073	1
34118	1
34126	2
34139	1
34147	1
34157	1
34238	1
34278	1
34281	1
34351	1
34406	1
34456	1
34531	1
34560	1
34598	1
34647	1
34660	1
34664	2
34706	1
34710	1
34716	1
34740	1
34772	1
34783	1
34811	1
34980	1
34997	1
35007	1
35076	1
35124	1
35139	1
35145	1
35161	1
35163	1
35197	1
35207	1
35217	1
35230	1
35252	1
35253	1
35302	1
35307	1
35329	2
35337	1
35385	1
35393	1
35424	1
35464	1
35492	1
35520	2
35577	1
35690	1
35700	1
35707	1
35723	1
35759	1
35826	1
35839	1
35840	1
35850	1
35863	1
35937	1
35945	2
35970	1
35981	1
36071	1
36115	1
36129	1
36177	1
36179	1
36186	1
36200	1
36289	1
36292	1
36313	1
36404	1
36406	1
36447	1
36468	1
36470	1
36499	1
36502	1
36506	1
36573	1
36581	2
36600	1
36616	1
36692	1
36693	1
36696	1
36700	1
36705	1
36706	1
36726	1
36764	1
36768	1
36786	1
36814	1
36831	1
36832	1
36881	1
36914	1
36958	1
36965	1
36989	1
37018	1
37057	1
37064	1
37106	1
37141	1
37142	1
37215	1
37265	1
37269	1
37279	1
37300	1
37330	1
37345	1
37364	1
37397	1
37398	1
37408	1
37429	1
37507	1
37529	1
37531	1
37539	1
37552	1
37674	1
37689	1
37714	1
37722	1
37770	1
37772	1
37797	1
37888	1
37911	1
37977	1
37996	1
38027	1
38076	1
38084	1
38086	1
38152	1
38231	1
38281	1
38285	1
38318	2
38354	1
38356	1
38408	1
38437	1
38509	1
38620	1
38639	1
38644	1
38658	1
38693	1
38722	1
38774	1
38850	1
38952	1
38962	1
38965	1
39071	1
39096	1
39199	3
39221	1
39268	1
39272	1
39355	1
39397	1
39405	1
39420	1
39446	1
39464	1
39479	1
39514	2
39531	1
39661	1
39671	1
39672	1
39729	1
39771	1
39780	1
39854	1
39865	1
39882	1
39909	1
39927	1
39945	1
39952	1
39974	1
40071	2
40078	1
40084	1
40108	1
40115	2
40124	1
40136	1
40299	1
40303	1
40304	1
40333	1
40391	1
40410	1
40412	1
40443	1
40478	1
40538	1
40572	1
40621	1
40650	1
40660	1
40676	1
40685	1
40800	1
40806	1
40835	1
40853	1
40915	1
40973	1
40985	2
41013	1
41062	1
41079	1
41121	1
41185	1
41227	1
41228	1
41229	1
41302	1
41328	1
41337	1
41345	1
41362	1
41386	1
41447	1
41472	1
41537	1
41573	1
41579	1
41606	1
41648	1
41740	1
41830	1
41856	1
41865	1
41896	1
42060	1
42066	1
42077	1
42092	1
42098	1
42129	1
42181	1
42191	1
42229	1
42290	1
42335	1
42362	1
42367	1
42485	1
42507	1
42517	1
42632	1
42644	1
42659	1
42682	1
42811	1
42844	1
42888	1
43028	1
43045	1
43052	1
43057	1
43065	1
43084	1
43087	1
43091	1
43126	1
43165	1
43228	1
43259	1
43282	1
43288	1
43380	1
43454	1
43459	1
43480	1
43611	1
43638	1
43643	1
43671	1
43682	1
43684	1
43695	1
43715	1
43726	1
43847	1
43853	1
43874	1
43875	1
43908	1
43955	1
44038	1
44048	1
44075	1
44137	1
44178	1
44184	1
44206	1
44220	1
44272	1
44310	1
44414	1
44509	1
44551	1
44552	1
44564	1
44617	1
44637	1
44647	1
44682	1
44749	1
44826	1
44864	1
44902	1
44916	2
44922	1
45145	1
45161	1
45265	1
45366	1
45431	1
45437	1
45447	1
45452	1
45504	1
45559	1
45602	1
45643	1
45659	1
45724	1
45756	1
45867	1
45911	1
45940	2
45959	1
46027	1
46090	1
46136	1
46240	1
46330	1
46334	1
46422	1
46445	1
46582	1
46591	1
46606	1
46631	1
46647	1
46651	1
46699	1
46873	1
46876	1
46908	1
46915	1
46931	1
46937	1
46993	2
47018	1
47020	1
47199	1
47201	1
47232	1
47243	1
47265	1
47287	1
47316	1
47335	1
47381	1
47606	1
47673	2
47675	1
47678	1
47697	1
47702	1
47716	1
47743	1
47819	1
47836	1
47944	1
47972	1
48000	1
48007	1
48008	1
48011	1
48067	1
48121	1
48222	1
48251	1
48332	1
48369	1
48385	1
48552	1
48559	1
48560	1
48573	1
48626	1
48632	1
48635	1
48716	1
48726	1
48765	1
48850	1
48896	2
48917	1
48921	1
48925	1
48926	1
49059	1
49073	1
49094	1
49133	1
49161	1
49253	1
49312	1
49331	1
49430	1
49463	1
49478	1
49567	1
49617	1
49664	1
49747	1
49754	1
50041	1
50051	1
50074	1
50099	1
50131	1
50152	1
50163	1
50222	1
50228	1
50230	1
50323	1
50358	1
50371	1
50376	1
50448	1
50520	1
50558	1
50582	1
50648	1
50789	1
50899	1
50930	1
51137	1
51161	2
51254	1
51312	1
51396	1
51422	1
51426	1
51430	1
51495	1
51528	1
51605	1
51619	1
51769	1
51779	2
51829	1
51860	2
51869	3
51942	1
51977	1
52013	1
52072	1
52081	1
52115	1
52165	1
52174	1
52234	1
52653	1
52744	1
52752	1
52765	1
52792	1
52803	1
52843	1
52901	1
52910	1
52948	1
53088	1
53254	1
53273	1
53286	1
53311	1
53341	1
53449	1
53497	1
53503	1
53518	1
53578	1
53615	1
53652	1
53703	1
53778	1
53832	1
53898	1
53922	1
54066	2
54118	1
54181	1
54204	1
54205	1
54331	2
54346	1
54485	1
54512	1
54530	1
54609	1
54646	1
54653	1
54679	1
54722	1
54754	1
54778	1
54809	1
54835	1
54865	1
54866	1
54874	1
55017	1
55018	1
55043	1
55095	1
55227	1
55381	1
55395	1
55433	1
55642	1
55695	1
55749	1
55819	1
55918	1
55954	1
55985	1
56013	1
56029	1
56087	1
56155	1
56213	1
56333	1
56417	1
56434	2
56575	1
56593	1
56658	1
56675	1
56749	1
56779	1
56848	1
56916	1
57021	1
57029	1
57073	1
57294	1
57307	1
57332	1
57335	1
57402	1
57513	1
57514	1
57554	1
57572	2
57641	1
57899	1
57970	1
58096	1
58113	1
58166	1
58208	1
58251	1
58304	2
58327	1
58329	1
58352	1
58399	1
58412	1
58463	1
58467	1
58684	1
58701	1
58801	1
58806	1
58843	1
58892	1
58896	1
58919	1
58925	1
58986	1
58997	1
59018	1
59032	1
59052	1
59075	1
59127	1
59132	1
59209	1
59222	1
59239	1
59403	1
59440	1
59519	1
59702	1
59843	1
59943	1
59945	2
59966	1
59981	1
60086	1
60096	1
60523	1
60573	1
60580	1
60641	1
60807	1
60892	1
60933	1
60974	1
61013	1
61041	2
61131	1
61214	1
61248	1
61275	1
61334	1
61524	1
61585	1
61640	1
61736	1
61916	1
62002	1
62074	1
62179	1
62198	1
62276	1
62332	1
62573	1
62639	1
62680	1
62698	1
62779	1
62805	1
62808	1
62933	1
63045	1
63062	1
63119	1
63318	1
63407	1
63426	1
63432	1
63453	1
63525	2
63528	1
63565	1
63597	1
63729	1
63836	1
64004	1
64015	1
64087	1
64100	1
64171	1
64191	1
64192	1
64259	1
64352	1
64496	1
64500	1
64513	1
64522	1
64559	1
64563	1
64566	1
64657	1
64674	1
64717	1
64742	1
64799	1
64912	1
64916	1
64981	1
65004	1
65012	1
65120	1
65194	1
65304	1
65361	1
65553	1
65604	1
65664	1
65685	1
65741	2
65779	1
65808	1
65846	1
65884	1
65942	1
66004	1
66072	1
66140	1
66215	1
66409	1
66427	1
66462	1
66496	1
66608	1
66661	1
66736	1
66782	1
66822	2
66864	1
66905	1
67093	1
67171	1
67376	1
67427	1
67477	1
67479	1
67549	1
67608	1
67614	1
67630	1
67635	1
67669	1
67714	1
67794	1
67823	1
67951	1
67962	1
67978	1
68271	1
68283	1
68349	1
68350	1
68369	1
68388	1
68561	1
68569	1
68578	1
68599	1
68791	1
68886	1
68983	1
69059	1
69097	1
69122	1
69153	1
69172	1
69301	1
69777	1
69778	1
69790	1
69822	1
69888	1
69905	1
69997	1
70042	1
70052	1
70100	1
70135	1
70231	1
70244	1
70249	1
70333	1
70395	1
70469	1
70587	1
70645	1
70653	1
70946	1
70955	1
71112	1
71121	1
71389	1
71433	1
71436	1
71552	2
71640	1
71661	1
71732	1
71733	1
71748	1
72000	1
72105	1
72138	1
72164	1
72283	1
72291	1
72403	1
72450	1
72542	1
72578	1
72776	1
72821	1
72830	1
72926	1
73101	1
73105	1
73278	1
73333	1
73374	1
73419	1
73449	1
73465	1
73469	1
73598	1
73695	1
73717	1
73740	1
73784	1
73904	1
73926	1
73931	1
73972	1
73979	1
74004	2
74047	1
74067	1
74090	1
74232	1
74235	1
74370	1
74601	1
74638	1
74737	1
74738	1
74833	1
74854	1
74948	1
74988	1
75027	1
75053	1
75225	1
75519	1
75558	1
75714	1
75733	1
75841	1
75949	1
76092	1
76170	1
76214	1
76222	1
76348	1
76351	1
76352	1
76362	1
76383	1
76425	1
76452	1
76466	1
76521	1
76537	1
76551	1
76920	2
76942	1
76947	1
77030	1
77077	1
77362	1
77424	1
77433	1
77504	1
77654	1
77964	1
78142	1
78311	1
78339	1
78589	1
78614	1
78801	1
78849	1
78993	1
79118	1
79235	1
79384	1
79389	1
79447	1
79481	1
79716	2
79739	1
79930	1
80180	1
80316	1
80380	1
80385	1
80427	1
80558	1
80561	1
80564	1
80659	1
80956	1
80958	1
80987	1
80991	1
81036	2
81058	1
81127	1
81167	2
81170	1
81230	1
81388	2
81549	1
81772	1
81899	1
81924	1
81984	1
82039	1
82149	1
82158	1
82176	1
82276	1
82277	1
82314	1
82405	1
82518	1
82520	1
82521	1
82599	1
82768	1
82892	1
82955	2
83122	1
83211	1
83226	1
83235	1
83406	2
83517	1
83657	1
83688	1
83732	1
83862	1
83919	1
83926	1
83988	1
84111	1
84177	1
84311	1
84438	1
84661	1
84687	1
84712	1
84713	1
84744	1
84819	1
84830	1
85101	1
85292	1
85293	1
85324	2
85386	1
85392	1
85530	1
85552	1
85637	1
85673	1
85733	1
85855	1
85863	1
85943	1
86045	1
86247	1
86298	1
86419	1
86459	1
86587	1
86617	1
86634	1
86733	1
86795	1
86895	1
86935	1
87043	1
87052	1
87135	1
87188	1
87400	1
87791	1
87824	1
87862	1
87904	1
87975	1
88001	1
88008	1
88028	1
88074	1
88141	1
88244	1
88379	1
88381	1
88464	1
88597	1
88766	1
88956	1
88997	1
89430	1
89476	1
89646	1
89647	1
89679	1
89794	1
89893	1
89912	1
89925	1
89967	1
90050	1
90244	1
90274	1
90371	1
90537	1
90590	1
90638	1
90799	1
90825	1
90862	2
90884	1
90905	1
91099	1
91294	1
91528	2
91537	1
91799	1
91838	1
91937	1
92060	1
92485	1
92576	1
92685	1
92766	1
92775	1
92817	1
92922	1
93063	1
93181	1
93228	1
93332	1
93374	2
93518	1
93567	1
93768	1
93960	1
93973	1
94072	1
94156	1
94173	1
94218	1
94319	1
94375	1
94397	1
94496	1
94515	1
94738	1
94757	1
94943	1
94983	1
95059	1
95236	1
95300	1
95492	1
95598	1
95817	2
96143	1
96426	1
96556	1
96767	1
96848	1
97125	1
97548	1
97585	1
97756	1
98019	1
98161	1
98408	1
98424	1
98427	1
98447	1
98497	1
98540	1
98616	1
98679	1
98691	1
98696	1
98700	1
98919	1
99106	1
99118	1
99169	1
99242	1
99255	1
99342	1
99448	1
99522	1
99604	1
99657	1
99726	1
99778	1
99788	1
99799	1
99862	1
99977	1
99987	1
99998	1
100027	1
100754	1
101046	1
101049	1
101055	1
101203	1
101315	1
101368	1
101431	1
101833	1
101993	1
101998	1
102278	1
102722	1
102876	1
102971	1
103112	1
103266	1
103296	1
103688	1
104119	1
104257	1
104576	1
104673	1
104934	1
105049	1
105070	1
105295	1
105481	1
105600	1
105924	2
106094	1
106533	1
106541	1
106545	1
106618	2
106645	1
106736	1
106817	1
106890	1
106924	1
107138	1
107275	1
107333	1
108007	1
108105	1
108251	1
108819	1
108852	1
108902	1
108932	1
109158	1
109317	2
109361	2
109403	1
109616	1
109626	1
109643	1
109718	1
110096	1
110163	1
110204	1
110535	1
110571	1
110623	1
110747	1
110776	1
110941	1
110954	2
110993	1
111081	1
111097	1
111470	1
111523	1
111543	1
111656	1
111723	1
111736	1
111762	1
111829	1
111962	2
112235	1
112288	1
112303	1
112426	1
112516	1
112910	1
112933	1
113067	1
113135	1
113368	1
113435	1
113592	1
113916	1
113949	1
114078	3
114315	1
114439	1
114696	1
114856	1
115016	1
115169	1
115268	1
115578	1
115649	1
115675	1
116140	1
116306	1
116332	1
116610	1
116680	1
116841	1
116886	1
116942	1
117025	1
117215	1
117440	1
118399	1
118507	1
118603	1
118827	1
118972	1
119023	1
119182	1
119286	1
119306	2
119613	1
119935	1
120042	1
120062	1
120186	1
120201	1
120292	1
120319	1
120651	1
120834	1
120995	1
121171	1
121299	1
121540	1
121682	1
121761	1
121837	1
122049	1
122094	1
122709	1
123345	1
123841	1
123878	1
123880	1
124109	1
124323	1
124355	1
124436	1
124919	2
125201	1
125380	1
125599	1
125690	1
125922	1
125927	1
126077	1
126198	1
126940	1
127032	1
127046	1
127059	1
127130	1
127150	1
127304	1
127650	2
127736	1
127796	1
127828	1
128439	1
128542	1
128559	1
128576	1
128676	1
128679	1
128990	1
129183	1
129246	1
129647	1
129719	1
129735	1
129737	1
130291	1
130508	1
130647	1
130715	1
131463	1
131476	1
131485	1
131582	1
131650	1
131784	1
132001	1
132008	1
132192	1
132243	1
132304	1
132660	1
132694	1
132902	1
133064	1
133126	1
133292	1
133408	1
133572	1
133791	1
133914	1
134346	1
134414	1
134495	1
134532	1
134752	1
134971	2
135158	1
135278	1
135377	1
135473	1
135999	1
136005	1
136127	1
136175	1
136204	1
136607	1
136921	1
137131	1
137216	2
137385	1
137592	1
137646	1
137694	1
137922	1
137985	1
138063	1
138406	1
138498	1
139344	1
139366	1
139766	1
139804	1
140681	1
141068	1
141447	1
142312	1
142659	1
143016	1
143069	1
143758	1
143899	1
144119	1
144541	1
144699	1
144710	1
144892	1
145041	1
145052	2
145103	1
145166	1
145205	2
145436	1
146285	1
146331	1
146721	1
146957	1
147159	1
147459	2
147601	1
147666	2
147981	1
148183	1
148463	1
148654	1
149400	1
149579	1
149622	1
149991	1
150034	1
150297	1
150611	1
150837	1
151561	1
151948	1
151999	1
152095	1
152345	1
152760	1
153073	1
153436	1
153445	1
153758	1
153988	1
155042	1
155330	1
155505	2
155677	1
155903	1
156003	1
156065	1
156081	1
156398	2
156405	1
156638	1
157228	1
158728	1
158894	1
158950	1
159152	1
159172	1
159255	1
159646	1
159729	1
159942	1
159996	1
160022	1
160426	1
160496	1
160500	1
160504	1
160585	1
160646	1
161017	1
161105	1
161202	1
161208	1
161213	1
162501	1
162750	1
163228	1
163832	1
163916	1
164036	1
164694	1
164839	1
165078	1
165274	1
165397	1
165417	1
165506	1
165578	1
165607	1
165998	1
166699	1
167411	1
167507	1
167748	1
167849	1
168025	1
168215	4
168878	1
169171	1
169268	1
169548	1
170051	1
170137	1
170297	1
170343	1
170407	1
170940	1
171057	1
171663	1
171664	1
171805	1
171861	1
172206	1
172408	1
172491	1
172798	1
173165	1
173329	1
173843	1
174441	1
174494	1
174639	1
175785	1
176224	1
176290	1
176443	1
176585	1
176685	1
176822	1
177574	1
177741	1
177757	1
177817	1
177933	1
178660	1
179119	1
179129	1
179757	1
179881	1
179960	1
180007	1
180038	1
180441	1
180774	1
180793	1
181553	1
181579	1
181782	1
181818	1
182232	1
182373	1
183189	1
183663	1
183833	1
183866	1
184043	1
184097	1
186137	1
186200	1
186299	1
186313	1
186443	1
186459	1
187323	1
187868	1
188294	1
188489	1
189714	1
190218	1
190239	2
190915	1
190928	1
191008	1
191051	1
191983	1
192446	1
192596	1
192704	1
193582	1
193593	1
193678	1
194111	1
194177	1
194923	1
195121	1
195268	1
195656	1
195684	1
195702	1
195729	1
195990	1
196074	1
196099	1
196742	1
196765	1
197209	1
197235	1
197747	1
197873	1
198028	1
198647	1
200049	1
201711	1
202105	1
202206	1
202626	1
203890	1
203905	1
204579	1
205106	1
205123	1
205661	1
206457	1
206777	1
206927	1
207522	1
208070	1
208350	1
208855	1
209031	1
209036	1
209979	1
210236	1
210332	1
210546	1
211144	1
211437	1
211787	1
212150	1
212242	1
212881	1
212897	1
212971	1
213029	1
213748	1
213776	1
213865	1
214046	1
214168	1
214613	1
215222	1
216371	1
216424	1
216439	1
217337	1
218272	1
218353	1
218664	1
219232	1
219380	1
220207	1
220225	1
220450	1
220481	2
220506	1
221097	1
221190	1
222553	1
223549	1
223823	1
223841	1
223946	1
224021	1
224384	1
224474	1
224980	1
225503	1
225796	1
225920	1
226188	1
227198	3
228077	1
228416	1
230688	1
230692	1
230954	1
231434	1
231755	2
233255	2
233712	1
234118	1
234954	1
235707	1
236305	1
236334	1
237355	1
237398	1
237787	1
237866	1
238246	1
238506	1
240127	1
240596	1
240857	1
240863	1
241356	1
241655	1
241811	1
242138	1
242939	1
243002	1
245475	1
245496	1
245626	1
245696	1
245832	2
245844	1
246081	1
246094	1
246876	1
247446	1
247736	1
248039	1
248287	1
248667	1
249121	1
249217	1
250122	1
250499	2
251828	1
252608	1
254360	1
255344	1
255552	1
255557	1
256000	1
256046	1
256565	1
257052	1
257298	1
257341	1
258362	1
258496	1
258702	1
258741	1
259294	1
259685	1
259983	1
260030	1
261148	1
261364	1
262061	1
263049	1
263718	2
266281	1
266966	1
267199	1
268276	1
268994	1
270152	1
270259	2
270443	1
271376	1
272955	1
273144	1
273607	1
273804	1
273983	1
274662	1
274722	1
274816	1
275069	1
275709	1
276574	1
276995	1
277348	1
277742	1
278231	1
279887	1
280658	1
280834	1
280971	1
281391	1
282720	2
283566	1
283927	1
284515	1
285386	1
285551	1
285563	1
286039	1
286917	1
287127	1
288136	1
288306	2
288439	1
288613	1
290401	1
290435	1
297245	2
297704	1
298197	1
298242	1
298644	1
298917	1
300093	1
300430	1
300785	1
301142	1
301648	1
302702	1
302950	1
304626	1
306585	1
306841	1
306916	1
308043	1
308424	1
308628	1
309612	1
310950	1
311372	1
312306	1
312423	1
313025	1
316563	1
316994	1
320836	1
321963	1
322166	1
322257	1
322467	1
322786	1
323211	1
323772	1
324023	1
324362	1
324696	1
324739	2
326208	2
326794	1
327057	1
327092	1
328295	1
329198	2
329284	1
329830	1
329879	1
331950	1
332338	1
334462	1
334949	1
335201	1
335336	1
337052	1
337312	1
337541	1
337952	1
339023	1
340671	1
340894	2
341174	2
342006	1
342674	1
343177	1
344240	1
344581	1
344733	1
344818	1
346133	1
349213	1
350764	1
353183	1
354306	1
357258	1
359478	1
359833	1
360097	1
360247	1
361579	3
364882	1
365547	2
367183	1
367589	1
369905	1
370754	1
370890	1
371211	1
373371	1
375343	1
375776	1
377705	2
379691	1
381231	1
382156	1
383785	1
385429	1
386871	1
388188	1
388299	2
389270	1
389555	1
391846	1
394377	1
394482	1
394870	1
395848	1
396823	1
398471	1
398562	1
399179	1
400093	1
400114	1
400618	2
404365	1
406749	1
406982	1
408811	1
409012	1
409100	1
410080	1
411955	1
412213	1
413986	1
414524	1
415207	1
415935	1
416189	1
417138	1
418307	1
419532	1
419576	1
421533	1
423980	1
425412	1
426871	1
428920	1
429601	1
429998	1
431060	1
431100	1
432098	1
432848	2
433519	1
433866	1
434099	1
434436	1
438432	1
438644	1
439334	1
439526	1
447494	1
448230	1
448670	1
449657	1
451266	1
451728	2
452503	1
455000	1
455908	1
456146	1
456348	1
458487	1
460925	1
467060	1
470513	1
475650	1
476955	1
481992	1
482460	1
484426	3
484560	1
484599	1
488435	1
490713	1
491093	1
492698	1
495950	1
496663	1
497764	1
500392	1
501044	1
502144	1
503757	1
504176	1
505316	1
505652	2
505929	1
506420	1
509465	1
512246	1
513044	2
513293	1
514622	1
515205	1
515569	1
518939	1
520631	1
520995	1
527623	1
528855	2
529949	1
530137	2
531489	1
533549	1
535089	2
538820	1
540229	1
544580	1
544683	1
549990	2
550225	1
553634	1
554886	1
556744	1
559563	2
564245	1
565771	1
567978	1
568920	1
571019	1
571839	1
572753	1
574326	1
574562	1
576409	2
577184	1
580064	1
581693	1
581721	1
590397	1
590423	1
591475	1
593433	1
596822	1
600622	1
601213	1
602234	1
602488	1
603922	1
610775	1
614767	1
619214	1
621732	1
621764	1
622780	1
623658	1
623913	1
630404	1
631515	1
634664	1
635193	1
637381	2
638179	1
639918	2
642891	1
643298	1
647082	1
652446	1
656695	1
657936	1
657955	1
659921	1
661056	1
662000	1
663885	2
664960	1
671110	1
671112	1
671655	1
672142	1
675393	3
683146	1
685080	1
687879	1
689496	1
689948	1
691960	1
693473	1
697022	1
697068	1
704143	4
709489	1
709558	1
715373	1
723602	1
728169	1
738035	1
738178	1
740968	1
742090	2
744097	1
746004	1
748093	1
749946	1
750802	1
752392	1
753430	1
756769	1
758561	1
766804	1
767643	1
769108	1
773482	1
779784	1
786739	1
789937	1
797592	1
799132	1
806646	2
807681	1
822304	1
824997	1
829467	1
832535	1
835877	1
836827	1
842796	1
849788	1
856544	1
859269	1
868559	1
877459	1
881240	1
882183	1
893847	1
904017	1
907546	1
926979	1
932395	1
939671	1
945133	1
952946	1
967223	1
970990	2
973959	1
982562	1
982815	1
993373	2
998094	1
1030176	1
1035793	1
1046968	1
1050423	1
1060330	2
1066452	1
1069212	1
1073566	1
1078832	1
1086903	1
1106953	1
1109936	1
1141886	1
1143254	1
1158039	1
1170824	1
1182967	2
1186136	1
1195911	1
1196671	1
1216429	1
1218383	1
1232184	1
1250582	1
1254178	1
1260591	1
1274893	2
1277874	1
1303571	1
1307482	1
1311818	1
1322945	1
1330440	2
1335986	1
1354002	1
1358367	1
1365968	1
1372996	1
1376195	1
1376961	1
1382839	1
1395924	1
1399355	1
1400974	1
1432509	1
1440853	1
1460876	1
1465674	1
1484565	1
1542709	1
1574846	1
1627509	1
1651339	1
1705023	1
1728224	1
1736388	1
1781865	2
1788354	1
1798280	1
1847156	1
1849317	1
1850781	1
1931889	1
1935414	1
1962533	1
1966604	1
1987680	1
2044040	1
2184628	1
2214869	1
2244633	1
2285273	1
2300662	1
2336826	1
2381598	2
2427687	1
2466630	1
2548724	1
2590291	1
2637025	1
2663060	1
2885836	1
2889367	1
3176404	1
3179233	1
3357897	1
3809005	1
4034536	1
4791106	1
7123227	1
